{"cameraMode":{"drawMode":0,"name":"Shaded","section":"Shading Mode"},"sceneLighting":true,"audioPlay":false,"sceneViewState":{"showFog":true,"showMaterialUpdate":false,"showSkybox":true,"showFlares":true,"showImageEffects":true,"showParticleSystems":true},"in2DMode":false,"pivot":{"x":3.500761032104492,"y":0.053809165954589847,"z":-2.7553720474243166},"rotation":{"x":-0.05997679382562637,"y":0.9392279982566834,"z":-0.21823999285697938,"w":-0.2581188380718231},"size":10.0,"orthographic":false}