{"cameraMode":{"drawMode":0,"name":"Shaded","section":"Shading Mode"},"sceneLighting":false,"audioPlay":false,"sceneViewState":{"showFog":true,"showMaterialUpdate":false,"showSkybox":false,"showFlares":true,"showImageEffects":true,"showParticleSystems":true},"in2DMode":false,"pivot":{"x":815.1868896484375,"y":403.09271240234377,"z":-178.9117431640625},"rotation":{"x":0.004189562052488327,"y":-0.017401989549398423,"z":-0.00007229951734188944,"w":-0.9998425245285034},"size":471.4217224121094,"orthographic":false}