{"cameraMode":{"drawMode":0,"name":"Shaded","section":"Shading Mode"},"sceneLighting":false,"audioPlay":false,"sceneViewState":{"showFog":true,"showMaterialUpdate":false,"showSkybox":false,"showFlares":true,"showImageEffects":true,"showParticleSystems":true},"in2DMode":false,"pivot":{"x":618.7887573242188,"y":263.3358459472656,"z":284.4739990234375},"rotation":{"x":-0.02279997430741787,"y":-0.026392977684736253,"z":0.0006026233313605189,"w":-0.9993937015533447},"size":357.90826416015627,"orthographic":false}