#
# There is insufficient memory for the Java Runtime Environment to continue.
# Native memory allocation (mmap) failed to map 1048576 bytes. Error detail: G1 virtual space
# Possible reasons:
#   The system is out of physical RAM or swap space
#   This process is running with CompressedOops enabled, and the Java Heap may be blocking the growth of the native heap
# Possible solutions:
#   Reduce memory load on the system
#   Increase physical memory or swap space
#   Check if swap backing store is full
#   Decrease Java heap size (-Xmx/-Xms)
#   Decrease number of Java threads
#   Decrease Java thread stack sizes (-Xss)
#   Set larger code cache with -XX:ReservedCodeCacheSize=
#   JVM is running with Unscaled Compressed Oops mode in which the Java heap is
#     placed in the first 4GB address space. The Java Heap base address is the
#     maximum limit for the native heap growth. Please use -XX:HeapBaseMinAddress
#     to set the Java Heap base and to place the Java Heap above 4GB virtual address.
# This output file may be truncated or incomplete.
#
#  Out of Memory Error (os_windows.cpp:3828), pid=18384, tid=30852
#
# JRE version: OpenJDK Runtime Environment (21.0.5) (build 21.0.5+-13047016-b750.29)
# Java VM: OpenJDK 64-Bit Server VM (21.0.5+-13047016-b750.29, mixed mode, tiered, compressed oops, compressed class ptrs, g1 gc, windows-amd64)
# No core dump will be written. Minidumps are not enabled by default on client versions of Windows
#

---------------  S U M M A R Y ------------

Command Line: --add-opens=java.base/java.lang=ALL-UNNAMED --add-opens=java.base/java.lang.invoke=ALL-UNNAMED --add-opens=java.base/java.util=ALL-UNNAMED --add-opens=java.prefs/java.util.prefs=ALL-UNNAMED --add-exports=jdk.compiler/com.sun.tools.javac.api=ALL-UNNAMED --add-exports=jdk.compiler/com.sun.tools.javac.util=ALL-UNNAMED --add-opens=java.base/java.util=ALL-UNNAMED --add-opens=java.prefs/java.util.prefs=ALL-UNNAMED --add-opens=java.base/java.nio.charset=ALL-UNNAMED --add-opens=java.base/java.net=ALL-UNNAMED --add-opens=java.base/java.util.concurrent.atomic=ALL-UNNAMED --add-opens=java.xml/javax.xml.namespace=ALL-UNNAMED -Xmx2048m -Dfile.encoding=UTF-8 -Duser.country=US -Duser.language=en -Duser.variant -javaagent:D:\Installed\Android\.gradle\wrapper\dists\gradle-8.11.1-bin\bpt9gzteqjrbo1mjrsomdt32c\gradle-8.11.1\lib\agents\gradle-instrumentation-agent-8.11.1.jar org.gradle.launcher.daemon.bootstrap.GradleDaemon 8.11.1

Host: Intel(R) Core(TM) i5-9300H CPU @ 2.40GHz, 8 cores, 15G,  Windows 11 , 64 bit Build 22621 (10.0.22621.5415)
Time: Tue Apr 14 11:59:12 2026 India Standard Time elapsed time: 70.593097 seconds (0d 0h 1m 10s)

---------------  T H R E A D  ---------------

Current thread (0x000001ad73793f60):  JavaThread "ForkJoinPool.commonPool-worker-7" daemon [_thread_in_vm, id=30852, stack(0x0000000eda700000,0x0000000eda800000) (1024K)]

Stack: [0x0000000eda700000,0x0000000eda800000]
Native frames: (J=compiled Java code, j=interpreted, Vv=VM code, C=native code)
V  [jvm.dll+0x6cfb29]
V  [jvm.dll+0x85df93]
V  [jvm.dll+0x8604ee]
V  [jvm.dll+0x860bd3]
V  [jvm.dll+0x27e6b6]
V  [jvm.dll+0x6cc385]
V  [jvm.dll+0x6c078a]
V  [jvm.dll+0x35525b]
V  [jvm.dll+0x35ceb6]
V  [jvm.dll+0x3aeadb]
V  [jvm.dll+0x3af194]
V  [jvm.dll+0x3aece6]
V  [jvm.dll+0x327d64]
V  [jvm.dll+0x325f2f]
V  [jvm.dll+0x661ff0]
V  [jvm.dll+0x23ed82]
V  [jvm.dll+0x822567]
V  [jvm.dll+0x72c3e7]
C  0x000001ad5cfe3829

The last pc belongs to _new_array_Java (printed below).
Java frames: (J=compiled Java code, j=interpreted, Vv=VM code)
v  ~RuntimeStub::_new_array_Java 0x000001ad5cfe3829
J 8298 c2 java.nio.ByteBuffer.allocate(I)Ljava/nio/ByteBuffer; java.base@21.0.5 (20 bytes) @ 0x000001ad5d625808 [0x000001ad5d6255a0+0x0000000000000268]
j  com.android.apksig.internal.apk.ApkSigningBlockUtils$ChunkSupplier.get()Lcom/android/apksig/internal/apk/ApkSigningBlockUtils$ChunkSupplier$Chunk;+99
j  com.android.apksig.internal.apk.ApkSigningBlockUtils$ChunkDigester.run()V+226
j  java.util.concurrent.ForkJoinTask$AdaptedInterruptibleRunnable.compute()Ljava/lang/Object;+4 java.base@21.0.5
j  java.util.concurrent.ForkJoinTask$InterruptibleTask.exec()Z+51 java.base@21.0.5
j  java.util.concurrent.ForkJoinTask.doExec()V+10 java.base@21.0.5
j  java.util.concurrent.ForkJoinPool$WorkQueue.topLevelExec(Ljava/util/concurrent/ForkJoinTask;Ljava/util/concurrent/ForkJoinPool$WorkQueue;I)V+49 java.base@21.0.5
j  java.util.concurrent.ForkJoinPool.scan(Ljava/util/concurrent/ForkJoinPool$WorkQueue;JI)J+245 java.base@21.0.5
j  java.util.concurrent.ForkJoinPool.runWorker(Ljava/util/concurrent/ForkJoinPool$WorkQueue;)V+62 java.base@21.0.5
j  java.util.concurrent.ForkJoinWorkerThread.run()V+31 java.base@21.0.5
v  ~StubRoutines::call_stub 0x000001ad5ced100d
--------------------------------------------------------------------------------
Decoding CodeBlob, name: _new_array_Java, at  [0x000001ad5cfe3800, 0x000001ad5cfe3870]  112 bytes
[MachCode]
  0x000001ad5cfe3800: 4881 ec28 | 0000 0048 | 896c 2420 | 4989 a798 | 0300 0048 | 8bca 418b | d04d 8bc7 | 49ba b0c3 
  0x000001ad5cfe3820: 371c ff7f | 0000 41ff | d20f 1f84 | 0000 0000 | 004d 89a7 | 9803 0000 | 4d89 a7a0 | 0300 0049 
  0x000001ad5cfe3840: 8b87 f003 | 0000 4d89 | a7f0 0300 | 004d 3b67 | 0875 0648 | 83c4 205d | c333 db49 | ba00 0fed 
  0x000001ad5cfe3860: 5cad 0100 | 0048 83c4 | 205d 41ff | e2f4 f4f4 
[/MachCode]
--------------------------------------------------------------------------------


Compiled method (c2) 70747 8298       4       java.nio.ByteBuffer::allocate (20 bytes)
 total in heap  [0x000001ad5d625410,0x000001ad5d6259f8] = 1512
 relocation     [0x000001ad5d625570,0x000001ad5d6255a0] = 48
 main code      [0x000001ad5d6255a0,0x000001ad5d625870] = 720
 stub code      [0x000001ad5d625870,0x000001ad5d625888] = 24
 metadata       [0x000001ad5d625888,0x000001ad5d625908] = 128
 scopes data    [0x000001ad5d625908,0x000001ad5d625948] = 64
 scopes pcs     [0x000001ad5d625948,0x000001ad5d625998] = 80
 dependencies   [0x000001ad5d625998,0x000001ad5d6259c8] = 48
 handler table  [0x000001ad5d6259c8,0x000001ad5d6259f8] = 48

[Constant Pool (empty)]

[MachCode]
[Verified Entry Point]
  # {method} {0x000001ad6b246990} 'allocate' '(I)Ljava/nio/ByteBuffer;' in 'java/nio/ByteBuffer'
  # parm0:    rdx       = int
  #           [sp+0x60]  (sp of caller)
  0x000001ad5d6255a0: 8984 2400 | 80ff ff55 | 4883 ec50 | 4181 7f20 | 2000 0000 | 0f85 ab02 | 0000 8954 | 2420 6690 
  0x000001ad5d6255c0: 85d2 0f8c | 5d02 0000 | 498b afb8 | 0100 004c | 8bd5 4983 | c238 6666 | 0f1f 8400 | 0000 0000 
  0x000001ad5d6255e0: 4d3b 97c8 | 0100 000f | 83e4 0100 | 004d 8997 | b801 0000 | 410f 0d8a | c000 0000 | 48c7 4500 
  0x000001ad5d625600: 0100 0000 

  0x000001ad5d625604: ;   {metadata('java/nio/HeapByteBuffer')}
  0x000001ad5d625604: c745 081a | e900 2044 | 8965 0c4c | 8965 104c | 8965 184c | 8965 204c | 8965 284c | 8965 3044 
  0x000001ad5d625624: 8b5c 2420 | 4181 fb00 | 0010 000f | 87e3 0100 | 0049 63cb | 0f1f 8400 | 0000 0000 | 4181 fb00 
  0x000001ad5d625644: 0010 000f | 87a7 0100 | 004d 8b87 | b801 0000 | 4883 c117 | 4c8b d149 | 83e2 f84d | 8bd8 4d03 
  0x000001ad5d625664: da4d 3b9f | c801 0000 | 0f83 8201 | 0000 4d89 | 9fb8 0100 | 0041 0f0d | 8bc0 0000 | 0049 c700 
  0x000001ad5d625684: 0100 0000 | 410f 0d8b | 0001 0000 

  0x000001ad5d625690: ;   {metadata({type array byte})}
  0x000001ad5d625690: 41c7 4008 | 4581 0020 | 448b 4c24 | 2045 8948 | 0c41 0f0d | 8b40 0100 | 0049 8bf8 | 4883 c710 
  0x000001ad5d6256b0: 410f 0d8b | 8001 0000 | 48c1 e903 | 4883 c1fe | 4833 c048 | 83f9 087f | 1048 ffc9 | 784f 4889 
  0x000001ad5d6256d0: 04cf 48ff | c97d f7eb | 44c5 fdef | c0e9 0d00 | 0000 c5fe | 7f07 c5fe | 7f47 2048 | 83c7 4048 
  0x000001ad5d6256f0: 83e9 087d | ed48 83c1 | 047c 0cc5 | fe7f 0748 | 83c7 2048 | 83e9 0448 | 83c1 047e | 1048 ffc9 
  0x000001ad5d625710: c5f9 d607 | 4883 c708 | 48ff c97d | f3c7 450c | ffff ffff | 448b 5424 | 2044 8955 | 1c44 8955 
  0x000001ad5d625730: 20c6 452d | 0144 8865 | 2e4d 8bd8 | 4489 5d30 | 4d8b d04c | 8bdd 4d33 | d349 c1ea | 144d 85d2 
  0x000001ad5d625750: 7416 49c1 | eb09 48b9 | 0000 cd64 | ad01 0000 | 4903 cb80 | 3902 7522 | 4489 6528 | 48c7 4510 
  0x000001ad5d625770: 1000 0000 | 488b c548 | 83c4 505d 

  0x000001ad5d62577c: ;   {poll_return}
  0x000001ad5d62577c: 493b a748 | 0400 000f | 87c6 0000 | 00c3 4d8b | 5748 4d8b | 5f58 f083 | 4424 c000 | 8039 0074 
  0x000001ad5d62579c: cb44 8821 | 4d85 d275 | 1d49 8bd7 | 49ba 50ed | f61b ff7f | 0000 41ff 

  0x000001ad5d6257b4: ;   {other}
  0x000001ad5d6257b4: d20f 1f84 | 0000 0000 | 0066 6690 | eba6 4b89 | 4c13 f849 | 83c2 f84d | 8957 48eb 

  0x000001ad5d6257d0: ;   {metadata('java/nio/HeapByteBuffer')}
  0x000001ad5d6257d0: 9748 bad0 | 4807 0001 | 0000 008b 

  0x000001ad5d6257dc: ;   {runtime_call _new_instance_Java}
  0x000001ad5d6257dc: 6c24 20e8 

  0x000001ad5d6257e0: ; ImmutableOopMap {}
                      ;*new {reexecute=0 rethrow=0 return_oop=1}
                      ; - java.nio.ByteBuffer::allocate@9
  0x000001ad5d6257e0: 1cc6 9bff 

  0x000001ad5d6257e4: ;   {other}
  0x000001ad5d6257e4: 0f1f 8400 | d403 0000 | 488b e8e9 | 2ffe ffff 

  0x000001ad5d6257f4: ;   {metadata({type array byte})}
  0x000001ad5d6257f4: 48ba 280a | 0400 0100 | 0000 448b 

  0x000001ad5d625800: ;   {runtime_call _new_array_Java}
  0x000001ad5d625800: 4424 20e8 

  0x000001ad5d625804: ; ImmutableOopMap {rbp=Oop }
                      ;*newarray {reexecute=0 rethrow=0 return_oop=1}
                      ; - java.nio.HeapByteBuffer::<init>@6
                      ; - java.nio.ByteBuffer::allocate@16
  0x000001ad5d625804: f8df 9bff 

  0x000001ad5d625808: ;   {other}
  0x000001ad5d625808: 0f1f 8400 | f803 0001 | 4c8b c0e9 | 05ff ffff | 4963 cb0f | 1f44 0000 | e913 feff | ffba 45ff 
  0x000001ad5d625828: ffff 8b6c 

  0x000001ad5d62582c: ;   {runtime_call UncommonTrapBlob}
  0x000001ad5d62582c: 2420 90e8 

  0x000001ad5d625830: ; ImmutableOopMap {}
                      ;*ifge {reexecute=1 rethrow=0 return_oop=0}
                      ; - (reexecute) java.nio.ByteBuffer::allocate@1
  0x000001ad5d625830: cced 8fff 

  0x000001ad5d625834: ;   {other}
  0x000001ad5d625834: 0f1f 8400 | 2404 0002 | 488b d090 | eb03 488b | d048 83c4 

  0x000001ad5d625848: ;   {runtime_call _rethrow_Java}
  0x000001ad5d625848: 505d e931 

  0x000001ad5d62584c: ;   {internal_word}
  0x000001ad5d62584c: 079c ff49 | ba7c 5762 | 5dad 0100 | 004d 8997 | 6004 0000 

  0x000001ad5d625860: ;   {runtime_call SafepointBlob}
  0x000001ad5d625860: e99b fe8f 

  0x000001ad5d625864: ;   {runtime_call StubRoutines (final stubs)}
  0x000001ad5d625864: ffe8 b642 | 8eff e94b | fdff fff4 
[Exception Handler]
  0x000001ad5d625870: ;   {no_reloc}
  0x000001ad5d625870: e98b c89b | ffe8 0000 | 0000 4883 

  0x000001ad5d62587c: ;   {runtime_call DeoptimizationBlob}
  0x000001ad5d62587c: 2c24 05e9 | 1cf1 8fff | f4f4 f4f4 
[/MachCode]


---------------  P R O C E S S  ---------------

Threads class SMR info:
_java_thread_list=0x000001ad7be37ca0, length=146, elements={
0x000001ad505d6120, 0x000001ad6a059050, 0x000001ad6a059f60, 0x000001ad6a05bab0,
0x000001ad6a042970, 0x000001ad6a042fd0, 0x000001ad6a045640, 0x000001ad6a068ce0,
0x000001ad6a06b5e0, 0x000001ad6a178700, 0x000001ad6a34d8a0, 0x000001ad6fa34fd0,
0x000001ad6ffc0490, 0x000001ad70642950, 0x000001ad703610d0, 0x000001ad70338a20,
0x000001ad7040edb0, 0x000001ad70206e10, 0x000001ad70207470, 0x000001ad70207ad0,
0x000001ad704090f0, 0x000001ad7040a4a0, 0x000001ad70409e10, 0x000001ad70409780,
0x000001ad704076b0, 0x000001ad70408a60, 0x000001ad7040ab30, 0x000001ad70407d40,
0x000001ad704083d0, 0x000001ad721e4670, 0x000001ad721e6dd0, 0x000001ad721e8ea0,
0x000001ad721e32c0, 0x000001ad721e7af0, 0x000001ad721e8180, 0x000001ad721e9bc0,
0x000001ad721e9530, 0x000001ad721e2c30, 0x000001ad721e3fe0, 0x000001ad721e5a20,
0x000001ad721ea250, 0x000001ad721e6740, 0x000001ad721e8810, 0x000001ad721e5390,
0x000001ad721e60b0, 0x000001ad721e3950, 0x000001ad721e4d00, 0x000001ad725d0590,
0x000001ad725d1940, 0x000001ad725d0c20, 0x000001ad725cff00, 0x000001ad725d12b0,
0x000001ad725d2660, 0x000001ad725d1fd0, 0x000001ad73f27890, 0x000001ad73f29960,
0x000001ad73f24aa0, 0x000001ad73f28c40, 0x000001ad73f2b3a0, 0x000001ad73f2c0c0,
0x000001ad73f25130, 0x000001ad73ef7df0, 0x000001ad73efabe0, 0x000001ad73ef8b10,
0x000001ad73ef91a0, 0x000001ad73ef9830, 0x000001ad72122c90, 0x000001ad72120530,
0x000001ad72124d60, 0x000001ad7211eaf0, 0x000001ad7211f180, 0x000001ad72121250,
0x000001ad72124040, 0x000001ad72123320, 0x000001ad72121f70, 0x000001ad72122600,
0x000001ad721239b0, 0x000001ad721218e0, 0x000001ad72120bc0, 0x000001ad721246d0,
0x000001ad721253f0, 0x000001ad72125a80, 0x000001ad7211f810, 0x000001ad7211fea0,
0x000001ad73f2a680, 0x000001ad71e20bd0, 0x000001ad71e23330, 0x000001ad71e20540,
0x000001ad71e22ca0, 0x000001ad71e1f820, 0x000001ad71e246e0, 0x000001ad71e267b0,
0x000001ad71e25a90, 0x000001ad71e218f0, 0x000001ad71e26120, 0x000001ad71e26e40,
0x000001ad71e21260, 0x000001ad71e22610, 0x000001ad71e239c0, 0x000001ad71e21f80,
0x000001ad71e24050, 0x000001ad71e24d70, 0x000001ad71e25400, 0x000001ad71e1feb0,
0x000001ad75334d70, 0x000001ad753346e0, 0x000001ad753367b0, 0x000001ad75335400,
0x000001ad75335a90, 0x000001ad75336120, 0x000001ad75336e40, 0x000001ad753374d0,
0x000001ad7479a840, 0x000001ad7479e350, 0x000001ad7479e9e0, 0x000001ad74799b20,
0x000001ad7479b560, 0x000001ad7479a1b0, 0x000001ad7479d630, 0x000001ad7479dcc0,
0x000001ad7479f070, 0x000001ad7479cfa0, 0x000001ad7479aed0, 0x000001ad7479c280,
0x000001ad7378c940, 0x000001ad7378d660, 0x000001ad7378a870, 0x000001ad737873f0,
0x000001ad7378dcf0, 0x000001ad73787a80, 0x000001ad7378bc20, 0x000001ad73788110,
0x000001ad73796030, 0x000001ad7a908960, 0x000001ad7a9054e0, 0x000001ad7a902d80,
0x000001ad7a9082d0, 0x000001ad7a906f20, 0x000001ad7378cfd0, 0x000001ad7378f730,
0x000001ad7378c2b0, 0x000001ad73790450, 0x000001ad73789b50, 0x000001ad73791800,
0x000001ad737945f0, 0x000001ad73793f60
}

Java Threads: ( => current thread )
  0x000001ad505d6120 JavaThread "main"                              [_thread_blocked, id=10116, stack(0x0000000ed0700000,0x0000000ed0800000) (1024K)]
  0x000001ad6a059050 JavaThread "Reference Handler"          daemon [_thread_blocked, id=28828, stack(0x0000000ed0f00000,0x0000000ed1000000) (1024K)]
  0x000001ad6a059f60 JavaThread "Finalizer"                  daemon [_thread_blocked, id=30588, stack(0x0000000ed1000000,0x0000000ed1100000) (1024K)]
  0x000001ad6a05bab0 JavaThread "Signal Dispatcher"          daemon [_thread_blocked, id=6412, stack(0x0000000ed1100000,0x0000000ed1200000) (1024K)]
  0x000001ad6a042970 JavaThread "Attach Listener"            daemon [_thread_blocked, id=20752, stack(0x0000000ed1200000,0x0000000ed1300000) (1024K)]
  0x000001ad6a042fd0 JavaThread "Service Thread"             daemon [_thread_blocked, id=33248, stack(0x0000000ed1300000,0x0000000ed1400000) (1024K)]
  0x000001ad6a045640 JavaThread "Monitor Deflation Thread"   daemon [_thread_blocked, id=17904, stack(0x0000000ed1400000,0x0000000ed1500000) (1024K)]
  0x000001ad6a068ce0 JavaThread "C2 CompilerThread0"         daemon [_thread_blocked, id=21136, stack(0x0000000ed1500000,0x0000000ed1600000) (1024K)]
  0x000001ad6a06b5e0 JavaThread "C1 CompilerThread0"         daemon [_thread_blocked, id=10436, stack(0x0000000ed1600000,0x0000000ed1700000) (1024K)]
  0x000001ad6a178700 JavaThread "Common-Cleaner"             daemon [_thread_blocked, id=30104, stack(0x0000000ed1700000,0x0000000ed1800000) (1024K)]
  0x000001ad6a34d8a0 JavaThread "Notification Thread"        daemon [_thread_blocked, id=29476, stack(0x0000000ed1800000,0x0000000ed1900000) (1024K)]
  0x000001ad6fa34fd0 JavaThread "Daemon health stats"               [_thread_blocked, id=18872, stack(0x0000000ed2000000,0x0000000ed2100000) (1024K)]
  0x000001ad6ffc0490 JavaThread "Incoming local TCP Connector on port 62991"        [_thread_in_native, id=15456, stack(0x0000000ed2100000,0x0000000ed2200000) (1024K)]
  0x000001ad70642950 JavaThread "Daemon periodic checks"            [_thread_blocked, id=28760, stack(0x0000000ed2200000,0x0000000ed2300000) (1024K)]
  0x000001ad703610d0 JavaThread "Daemon"                            [_thread_blocked, id=2364, stack(0x0000000ed2300000,0x0000000ed2400000) (1024K)]
  0x000001ad70338a20 JavaThread "Handler for socket connection from /127.0.0.1:62991 to /127.0.0.1:62993"        [_thread_in_native, id=36404, stack(0x0000000ed2400000,0x0000000ed2500000) (1024K)]
  0x000001ad7040edb0 JavaThread "Cancel handler"                    [_thread_blocked, id=23444, stack(0x0000000ed2500000,0x0000000ed2600000) (1024K)]
  0x000001ad70206e10 JavaThread "Daemon worker"                     [_thread_blocked, id=2804, stack(0x0000000ed2600000,0x0000000ed2700000) (1024K)]
  0x000001ad70207470 JavaThread "Asynchronous log dispatcher for DefaultDaemonConnection: socket connection from /127.0.0.1:62991 to /127.0.0.1:62993"        [_thread_blocked, id=21296, stack(0x0000000ed2700000,0x0000000ed2800000) (1024K)]
  0x000001ad70207ad0 JavaThread "Stdin handler"                     [_thread_blocked, id=29272, stack(0x0000000ed2800000,0x0000000ed2900000) (1024K)]
  0x000001ad704090f0 JavaThread "Daemon client event forwarder"        [_thread_blocked, id=18132, stack(0x0000000ed2900000,0x0000000ed2a00000) (1024K)]
  0x000001ad7040a4a0 JavaThread "Cache worker for journal cache (D:\Installed\Android\.gradle\caches\journal-1)"        [_thread_blocked, id=34312, stack(0x0000000ed2c00000,0x0000000ed2d00000) (1024K)]
  0x000001ad70409e10 JavaThread "File lock request listener"        [_thread_in_native, id=22396, stack(0x0000000ed2d00000,0x0000000ed2e00000) (1024K)]
  0x000001ad70409780 JavaThread "Cache worker for file hash cache (D:\Installed\Android\.gradle\caches\8.11.1\fileHashes)"        [_thread_blocked, id=24568, stack(0x0000000ed2e00000,0x0000000ed2f00000) (1024K)]
  0x000001ad704076b0 JavaThread "Cache worker for file content cache (D:\Installed\Android\.gradle\caches\8.11.1\fileContent)"        [_thread_blocked, id=30360, stack(0x0000000ed2f00000,0x0000000ed3000000) (1024K)]
  0x000001ad70408a60 JavaThread "Cache worker for file hash cache (D:\avquint\Local\pendant-qr\GemmaApp\.gradle\8.11.1\fileHashes)"        [_thread_blocked, id=17300, stack(0x0000000ed3100000,0x0000000ed3200000) (1024K)]
  0x000001ad7040ab30 JavaThread "Cache worker for Build Output Cleanup Cache (D:\avquint\Local\pendant-qr\GemmaApp\.gradle\buildOutputCleanup)"        [_thread_blocked, id=15516, stack(0x0000000ed3200000,0x0000000ed3300000) (1024K)]
  0x000001ad70407d40 JavaThread "File watcher server"        daemon [_thread_in_native, id=1984, stack(0x0000000ed3300000,0x0000000ed3400000) (1024K)]
  0x000001ad704083d0 JavaThread "File watcher consumer"      daemon [_thread_blocked, id=18880, stack(0x0000000ed3400000,0x0000000ed3500000) (1024K)]
  0x000001ad721e4670 JavaThread "Cache worker for checksums cache (D:\avquint\Local\pendant-qr\GemmaApp\.gradle\8.11.1\checksums)"        [_thread_blocked, id=23352, stack(0x0000000ed3500000,0x0000000ed3600000) (1024K)]
  0x000001ad721e6dd0 JavaThread "Cache worker for cache directory md-rule (D:\Installed\Android\.gradle\caches\8.11.1\md-rule)"        [_thread_blocked, id=5348, stack(0x0000000ed3600000,0x0000000ed3700000) (1024K)]
  0x000001ad721e8ea0 JavaThread "Cache worker for cache directory md-supplier (D:\Installed\Android\.gradle\caches\8.11.1\md-supplier)"        [_thread_blocked, id=5300, stack(0x0000000ed3700000,0x0000000ed3800000) (1024K)]
  0x000001ad721e32c0 JavaThread "Unconstrained build operations"        [_thread_blocked, id=10296, stack(0x0000000ed3800000,0x0000000ed3900000) (1024K)]
  0x000001ad721e7af0 JavaThread "Unconstrained build operations Thread 2"        [_thread_blocked, id=24672, stack(0x0000000ed3900000,0x0000000ed3a00000) (1024K)]
  0x000001ad721e8180 JavaThread "Unconstrained build operations Thread 3"        [_thread_blocked, id=15260, stack(0x0000000ed3a00000,0x0000000ed3b00000) (1024K)]
  0x000001ad721e9bc0 JavaThread "Unconstrained build operations Thread 4"        [_thread_blocked, id=30664, stack(0x0000000ed3b00000,0x0000000ed3c00000) (1024K)]
  0x000001ad721e9530 JavaThread "Unconstrained build operations Thread 5"        [_thread_blocked, id=19868, stack(0x0000000ed3c00000,0x0000000ed3d00000) (1024K)]
  0x000001ad721e2c30 JavaThread "Unconstrained build operations Thread 6"        [_thread_blocked, id=11060, stack(0x0000000ed3d00000,0x0000000ed3e00000) (1024K)]
  0x000001ad721e3fe0 JavaThread "Unconstrained build operations Thread 7"        [_thread_blocked, id=6336, stack(0x0000000ed3e00000,0x0000000ed3f00000) (1024K)]
  0x000001ad721e5a20 JavaThread "Unconstrained build operations Thread 8"        [_thread_blocked, id=14348, stack(0x0000000ed3f00000,0x0000000ed4000000) (1024K)]
  0x000001ad721ea250 JavaThread "Unconstrained build operations Thread 9"        [_thread_blocked, id=32056, stack(0x0000000ed4000000,0x0000000ed4100000) (1024K)]
  0x000001ad721e6740 JavaThread "Unconstrained build operations Thread 10"        [_thread_blocked, id=10004, stack(0x0000000ed4100000,0x0000000ed4200000) (1024K)]
  0x000001ad721e8810 JavaThread "Unconstrained build operations Thread 11"        [_thread_blocked, id=17160, stack(0x0000000ed4200000,0x0000000ed4300000) (1024K)]
  0x000001ad721e5390 JavaThread "Unconstrained build operations Thread 12"        [_thread_blocked, id=15572, stack(0x0000000ed4300000,0x0000000ed4400000) (1024K)]
  0x000001ad721e60b0 JavaThread "Unconstrained build operations Thread 13"        [_thread_blocked, id=24208, stack(0x0000000ed4400000,0x0000000ed4500000) (1024K)]
  0x000001ad721e3950 JavaThread "Unconstrained build operations Thread 14"        [_thread_blocked, id=20632, stack(0x0000000ed4500000,0x0000000ed4600000) (1024K)]
  0x000001ad721e4d00 JavaThread "Unconstrained build operations Thread 15"        [_thread_blocked, id=33008, stack(0x0000000ed4600000,0x0000000ed4700000) (1024K)]
  0x000001ad725d0590 JavaThread "Unconstrained build operations Thread 16"        [_thread_blocked, id=24192, stack(0x0000000ed4700000,0x0000000ed4800000) (1024K)]
  0x000001ad725d1940 JavaThread "Unconstrained build operations Thread 17"        [_thread_blocked, id=21616, stack(0x0000000ed4800000,0x0000000ed4900000) (1024K)]
  0x000001ad725d0c20 JavaThread "Unconstrained build operations Thread 18"        [_thread_blocked, id=4348, stack(0x0000000ed4900000,0x0000000ed4a00000) (1024K)]
  0x000001ad725cff00 JavaThread "Unconstrained build operations Thread 19"        [_thread_blocked, id=2296, stack(0x0000000ed4a00000,0x0000000ed4b00000) (1024K)]
  0x000001ad725d12b0 JavaThread "Unconstrained build operations Thread 20"        [_thread_blocked, id=11736, stack(0x0000000ed4b00000,0x0000000ed4c00000) (1024K)]
  0x000001ad725d2660 JavaThread "Unconstrained build operations Thread 21"        [_thread_blocked, id=25356, stack(0x0000000ed4c00000,0x0000000ed4d00000) (1024K)]
  0x000001ad725d1fd0 JavaThread "Unconstrained build operations Thread 22"        [_thread_blocked, id=17188, stack(0x0000000ed4d00000,0x0000000ed4e00000) (1024K)]
  0x000001ad73f27890 JavaThread "build event listener"              [_thread_blocked, id=17472, stack(0x0000000ed1900000,0x0000000ed1a00000) (1024K)]
  0x000001ad73f29960 JavaThread "Memory manager"                    [_thread_blocked, id=9400, stack(0x0000000ed3000000,0x0000000ed3100000) (1024K)]
  0x000001ad73f24aa0 JavaThread "build event listener"              [_thread_blocked, id=8760, stack(0x0000000ed4f00000,0x0000000ed5000000) (1024K)]
  0x000001ad73f28c40 JavaThread "included builds"                   [_thread_blocked, id=33752, stack(0x0000000ed5100000,0x0000000ed5200000) (1024K)]
  0x000001ad73f2b3a0 JavaThread "Execution worker"                  [_thread_blocked, id=11448, stack(0x0000000ed5200000,0x0000000ed5300000) (1024K)]
  0x000001ad73f2c0c0 JavaThread "Execution worker Thread 2"         [_thread_blocked, id=13268, stack(0x0000000ed5300000,0x0000000ed5400000) (1024K)]
  0x000001ad73f25130 JavaThread "Execution worker Thread 3"         [_thread_blocked, id=7888, stack(0x0000000ed5400000,0x0000000ed5500000) (1024K)]
  0x000001ad73ef7df0 JavaThread "Execution worker Thread 4"         [_thread_blocked, id=8476, stack(0x0000000ed5500000,0x0000000ed5600000) (1024K)]
  0x000001ad73efabe0 JavaThread "Execution worker Thread 5"         [_thread_blocked, id=1980, stack(0x0000000ed5600000,0x0000000ed5700000) (1024K)]
  0x000001ad73ef8b10 JavaThread "Execution worker Thread 6"         [_thread_blocked, id=5880, stack(0x0000000ed5700000,0x0000000ed5800000) (1024K)]
  0x000001ad73ef91a0 JavaThread "Execution worker Thread 7"         [_thread_blocked, id=35600, stack(0x0000000ed5800000,0x0000000ed5900000) (1024K)]
  0x000001ad73ef9830 JavaThread "Cache worker for execution history cache (D:\avquint\Local\pendant-qr\GemmaApp\.gradle\8.11.1\executionHistory)"        [_thread_blocked, id=34980, stack(0x0000000ed5900000,0x0000000ed5a00000) (1024K)]
  0x000001ad72122c90 JavaThread "Unconstrained build operations Thread 23"        [_thread_blocked, id=25248, stack(0x0000000ed5000000,0x0000000ed5100000) (1024K)]
  0x000001ad72120530 JavaThread "Unconstrained build operations Thread 24"        [_thread_blocked, id=31824, stack(0x0000000ed5a00000,0x0000000ed5b00000) (1024K)]
  0x000001ad72124d60 JavaThread "Unconstrained build operations Thread 25"        [_thread_blocked, id=34820, stack(0x0000000ed5b00000,0x0000000ed5c00000) (1024K)]
  0x000001ad7211eaf0 JavaThread "Unconstrained build operations Thread 26"        [_thread_blocked, id=16592, stack(0x0000000ed5c00000,0x0000000ed5d00000) (1024K)]
  0x000001ad7211f180 JavaThread "Unconstrained build operations Thread 27"        [_thread_blocked, id=10084, stack(0x0000000ed5d00000,0x0000000ed5e00000) (1024K)]
  0x000001ad72121250 JavaThread "Unconstrained build operations Thread 28"        [_thread_blocked, id=10496, stack(0x0000000ed5e00000,0x0000000ed5f00000) (1024K)]
  0x000001ad72124040 JavaThread "Unconstrained build operations Thread 29"        [_thread_blocked, id=18160, stack(0x0000000ed5f00000,0x0000000ed6000000) (1024K)]
  0x000001ad72123320 JavaThread "Unconstrained build operations Thread 30"        [_thread_blocked, id=29532, stack(0x0000000ed6100000,0x0000000ed6200000) (1024K)]
  0x000001ad72121f70 JavaThread "Unconstrained build operations Thread 31"        [_thread_blocked, id=7360, stack(0x0000000ed6200000,0x0000000ed6300000) (1024K)]
  0x000001ad72122600 JavaThread "Unconstrained build operations Thread 32"        [_thread_blocked, id=34740, stack(0x0000000ed6300000,0x0000000ed6400000) (1024K)]
  0x000001ad721239b0 JavaThread "Unconstrained build operations Thread 33"        [_thread_blocked, id=3372, stack(0x0000000ed6400000,0x0000000ed6500000) (1024K)]
  0x000001ad721218e0 JavaThread "Unconstrained build operations Thread 34"        [_thread_blocked, id=36372, stack(0x0000000ed6500000,0x0000000ed6600000) (1024K)]
  0x000001ad72120bc0 JavaThread "Unconstrained build operations Thread 35"        [_thread_blocked, id=20268, stack(0x0000000ed6600000,0x0000000ed6700000) (1024K)]
  0x000001ad721246d0 JavaThread "Unconstrained build operations Thread 36"        [_thread_blocked, id=35440, stack(0x0000000ed6700000,0x0000000ed6800000) (1024K)]
  0x000001ad721253f0 JavaThread "Unconstrained build operations Thread 37"        [_thread_blocked, id=392, stack(0x0000000ed6800000,0x0000000ed6900000) (1024K)]
  0x000001ad72125a80 JavaThread "Unconstrained build operations Thread 38"        [_thread_blocked, id=32236, stack(0x0000000ed6900000,0x0000000ed6a00000) (1024K)]
  0x000001ad7211f810 JavaThread "Unconstrained build operations Thread 39"        [_thread_blocked, id=29144, stack(0x0000000ed6a00000,0x0000000ed6b00000) (1024K)]
  0x000001ad7211fea0 JavaThread "Unconstrained build operations Thread 40"        [_thread_blocked, id=31716, stack(0x0000000ed6b00000,0x0000000ed6c00000) (1024K)]
  0x000001ad73f2a680 JavaThread "Unconstrained build operations Thread 41"        [_thread_blocked, id=20804, stack(0x0000000ed6c00000,0x0000000ed6d00000) (1024K)]
  0x000001ad71e20bd0 JavaThread "Unconstrained build operations Thread 42"        [_thread_blocked, id=9284, stack(0x0000000ed6d00000,0x0000000ed6e00000) (1024K)]
  0x000001ad71e23330 JavaThread "Unconstrained build operations Thread 43"        [_thread_blocked, id=26136, stack(0x0000000ed6e00000,0x0000000ed6f00000) (1024K)]
  0x000001ad71e20540 JavaThread "Unconstrained build operations Thread 44"        [_thread_blocked, id=17488, stack(0x0000000ed6f00000,0x0000000ed7000000) (1024K)]
  0x000001ad71e22ca0 JavaThread "Unconstrained build operations Thread 45"        [_thread_blocked, id=33320, stack(0x0000000ed7000000,0x0000000ed7100000) (1024K)]
  0x000001ad71e1f820 JavaThread "Unconstrained build operations Thread 46"        [_thread_blocked, id=31424, stack(0x0000000ed7100000,0x0000000ed7200000) (1024K)]
  0x000001ad71e246e0 JavaThread "Unconstrained build operations Thread 47"        [_thread_blocked, id=16268, stack(0x0000000ed7200000,0x0000000ed7300000) (1024K)]
  0x000001ad71e267b0 JavaThread "Unconstrained build operations Thread 48"        [_thread_blocked, id=12344, stack(0x0000000ed7300000,0x0000000ed7400000) (1024K)]
  0x000001ad71e25a90 JavaThread "Unconstrained build operations Thread 49"        [_thread_blocked, id=22732, stack(0x0000000ed7400000,0x0000000ed7500000) (1024K)]
  0x000001ad71e218f0 JavaThread "Unconstrained build operations Thread 50"        [_thread_blocked, id=25804, stack(0x0000000ed7500000,0x0000000ed7600000) (1024K)]
  0x000001ad71e26120 JavaThread "Unconstrained build operations Thread 51"        [_thread_blocked, id=5224, stack(0x0000000ed7600000,0x0000000ed7700000) (1024K)]
  0x000001ad71e26e40 JavaThread "Unconstrained build operations Thread 52"        [_thread_blocked, id=25932, stack(0x0000000ed7700000,0x0000000ed7800000) (1024K)]
  0x000001ad71e21260 JavaThread "Unconstrained build operations Thread 53"        [_thread_blocked, id=2404, stack(0x0000000ed7800000,0x0000000ed7900000) (1024K)]
  0x000001ad71e22610 JavaThread "Unconstrained build operations Thread 54"        [_thread_blocked, id=7192, stack(0x0000000ed7900000,0x0000000ed7a00000) (1024K)]
  0x000001ad71e239c0 JavaThread "Unconstrained build operations Thread 55"        [_thread_blocked, id=29320, stack(0x0000000ed7a00000,0x0000000ed7b00000) (1024K)]
  0x000001ad71e21f80 JavaThread "Unconstrained build operations Thread 56"        [_thread_blocked, id=11656, stack(0x0000000ed7b00000,0x0000000ed7c00000) (1024K)]
  0x000001ad71e24050 JavaThread "Unconstrained build operations Thread 57"        [_thread_blocked, id=14964, stack(0x0000000ed7c00000,0x0000000ed7d00000) (1024K)]
  0x000001ad71e24d70 JavaThread "Unconstrained build operations Thread 58"        [_thread_blocked, id=21580, stack(0x0000000ed7d00000,0x0000000ed7e00000) (1024K)]
  0x000001ad71e25400 JavaThread "Unconstrained build operations Thread 59"        [_thread_blocked, id=17800, stack(0x0000000ed7e00000,0x0000000ed7f00000) (1024K)]
  0x000001ad71e1feb0 JavaThread "Unconstrained build operations Thread 60"        [_thread_blocked, id=10252, stack(0x0000000ed7f00000,0x0000000ed8000000) (1024K)]
  0x000001ad75334d70 JavaThread "Unconstrained build operations Thread 61"        [_thread_blocked, id=2780, stack(0x0000000ed8000000,0x0000000ed8100000) (1024K)]
  0x000001ad753346e0 JavaThread "Unconstrained build operations Thread 62"        [_thread_blocked, id=3844, stack(0x0000000ed4e00000,0x0000000ed4f00000) (1024K)]
  0x000001ad753367b0 JavaThread "Unconstrained build operations Thread 63"        [_thread_blocked, id=31660, stack(0x0000000ed6000000,0x0000000ed6100000) (1024K)]
  0x000001ad75335400 JavaThread "Unconstrained build operations Thread 64"        [_thread_blocked, id=7464, stack(0x0000000ed8100000,0x0000000ed8200000) (1024K)]
  0x000001ad75335a90 JavaThread "Unconstrained build operations Thread 65"        [_thread_blocked, id=26804, stack(0x0000000ed8200000,0x0000000ed8300000) (1024K)]
  0x000001ad75336120 JavaThread "Unconstrained build operations Thread 66"        [_thread_blocked, id=24624, stack(0x0000000ed8300000,0x0000000ed8400000) (1024K)]
  0x000001ad75336e40 JavaThread "Unconstrained build operations Thread 67"        [_thread_blocked, id=8864, stack(0x0000000ed8400000,0x0000000ed8500000) (1024K)]
  0x000001ad753374d0 JavaThread "Unconstrained build operations Thread 68"        [_thread_blocked, id=6528, stack(0x0000000ed8500000,0x0000000ed8600000) (1024K)]
  0x000001ad7479a840 JavaThread "Unconstrained build operations Thread 69"        [_thread_blocked, id=10700, stack(0x0000000ed8600000,0x0000000ed8700000) (1024K)]
  0x000001ad7479e350 JavaThread "Unconstrained build operations Thread 70"        [_thread_blocked, id=20536, stack(0x0000000ed8700000,0x0000000ed8800000) (1024K)]
  0x000001ad7479e9e0 JavaThread "Unconstrained build operations Thread 71"        [_thread_blocked, id=2192, stack(0x0000000ed8800000,0x0000000ed8900000) (1024K)]
  0x000001ad74799b20 JavaThread "Unconstrained build operations Thread 72"        [_thread_blocked, id=10000, stack(0x0000000ed8900000,0x0000000ed8a00000) (1024K)]
  0x000001ad7479b560 JavaThread "Unconstrained build operations Thread 73"        [_thread_blocked, id=7660, stack(0x0000000ed8a00000,0x0000000ed8b00000) (1024K)]
  0x000001ad7479a1b0 JavaThread "Unconstrained build operations Thread 74"        [_thread_blocked, id=2476, stack(0x0000000ed8b00000,0x0000000ed8c00000) (1024K)]
  0x000001ad7479d630 JavaThread "Unconstrained build operations Thread 75"        [_thread_blocked, id=22376, stack(0x0000000ed8c00000,0x0000000ed8d00000) (1024K)]
  0x000001ad7479dcc0 JavaThread "Unconstrained build operations Thread 76"        [_thread_blocked, id=10984, stack(0x0000000ed8d00000,0x0000000ed8e00000) (1024K)]
  0x000001ad7479f070 JavaThread "Unconstrained build operations Thread 77"        [_thread_blocked, id=15836, stack(0x0000000ed8e00000,0x0000000ed8f00000) (1024K)]
  0x000001ad7479cfa0 JavaThread "Unconstrained build operations Thread 78"        [_thread_blocked, id=15176, stack(0x0000000ed8f00000,0x0000000ed9000000) (1024K)]
  0x000001ad7479aed0 JavaThread "Unconstrained build operations Thread 79"        [_thread_blocked, id=24072, stack(0x0000000ed9000000,0x0000000ed9100000) (1024K)]
  0x000001ad7479c280 JavaThread "Unconstrained build operations Thread 80"        [_thread_blocked, id=27980, stack(0x0000000ed9100000,0x0000000ed9200000) (1024K)]
  0x000001ad7378c940 JavaThread "WorkerExecutor Queue"              [_thread_blocked, id=19268, stack(0x0000000ed9400000,0x0000000ed9500000) (1024K)]
  0x000001ad7378d660 JavaThread "RMI Scheduler(0)"           daemon [_thread_blocked, id=33652, stack(0x0000000ed9200000,0x0000000ed9300000) (1024K)]
  0x000001ad7378a870 JavaThread "RMI GC Daemon"              daemon [_thread_blocked, id=36344, stack(0x0000000ed9500000,0x0000000ed9600000) (1024K)]
  0x000001ad737873f0 JavaThread "RMI TCP Accept-0"           daemon [_thread_in_native, id=11752, stack(0x0000000ed9600000,0x0000000ed9700000) (1024K)]
  0x000001ad7378dcf0 JavaThread "RMI Reaper"                        [_thread_blocked, id=19208, stack(0x0000000ed9700000,0x0000000ed9800000) (1024K)]
  0x000001ad73787a80 JavaThread "RMI TCP Connection(idle)"   daemon [_thread_blocked, id=6228, stack(0x0000000ed9800000,0x0000000ed9900000) (1024K)]
  0x000001ad7378bc20 JavaThread "WorkerExecutor Queue Thread 2"        [_thread_blocked, id=3220, stack(0x0000000ed9300000,0x0000000ed9400000) (1024K)]
  0x000001ad73788110 JavaThread "RMI TCP Connection(2)-127.0.0.1" daemon [_thread_in_native, id=9144, stack(0x0000000ed9b00000,0x0000000ed9c00000) (1024K)]
  0x000001ad73796030 JavaThread "RMI TCP Connection(3)-127.0.0.1" daemon [_thread_in_native, id=28236, stack(0x0000000ed9c00000,0x0000000ed9d00000) (1024K)]
  0x000001ad7a908960 JavaThread "WorkerExecutor Queue Thread 3"        [_thread_blocked, id=2264, stack(0x0000000ed9900000,0x0000000ed9a00000) (1024K)]
  0x000001ad7a9054e0 JavaThread "WorkerExecutor Queue Thread 4"        [_thread_blocked, id=26972, stack(0x0000000ed9d00000,0x0000000ed9e00000) (1024K)]
  0x000001ad7a902d80 JavaThread "WorkerExecutor Queue Thread 6"        [_thread_blocked, id=27812, stack(0x0000000ed9f00000,0x0000000eda000000) (1024K)]
  0x000001ad7a9082d0 JavaThread "WorkerExecutor Queue Thread 7"        [_thread_blocked, id=23968, stack(0x0000000eda000000,0x0000000eda100000) (1024K)]
  0x000001ad7a906f20 JavaThread "WorkerExecutor Queue Thread 8"        [_thread_blocked, id=31088, stack(0x0000000eda100000,0x0000000eda200000) (1024K)]
  0x000001ad7378cfd0 JavaThread "WorkerExecutor Queue Thread 9"        [_thread_blocked, id=22652, stack(0x0000000eda200000,0x0000000eda300000) (1024K)]
  0x000001ad7378f730 JavaThread "ForkJoinPool.commonPool-worker-1" daemon [_thread_blocked, id=28040, stack(0x0000000ed9a00000,0x0000000ed9b00000) (1024K)]
  0x000001ad7378c2b0 JavaThread "ForkJoinPool.commonPool-worker-2" daemon [_thread_blocked, id=14040, stack(0x0000000ed9e00000,0x0000000ed9f00000) (1024K)]
  0x000001ad73790450 JavaThread "ForkJoinPool.commonPool-worker-3" daemon [_thread_blocked, id=11704, stack(0x0000000eda300000,0x0000000eda400000) (1024K)]
  0x000001ad73789b50 JavaThread "ForkJoinPool.commonPool-worker-4" daemon [_thread_blocked, id=23952, stack(0x0000000eda400000,0x0000000eda500000) (1024K)]
  0x000001ad73791800 JavaThread "ForkJoinPool.commonPool-worker-5" daemon [_thread_blocked, id=12184, stack(0x0000000eda500000,0x0000000eda600000) (1024K)]
  0x000001ad737945f0 JavaThread "ForkJoinPool.commonPool-worker-6" daemon [_thread_blocked, id=17068, stack(0x0000000eda600000,0x0000000eda700000) (1024K)]
=>0x000001ad73793f60 JavaThread "ForkJoinPool.commonPool-worker-7" daemon [_thread_in_vm, id=30852, stack(0x0000000eda700000,0x0000000eda800000) (1024K)]
Total: 146

Other Threads:
  0x000001ad69f5db80 VMThread "VM Thread"                           [id=22508, stack(0x0000000ed0e00000,0x0000000ed0f00000) (1024K)]
  0x000001ad69ede760 WatcherThread "VM Periodic Task Thread"        [id=9688, stack(0x0000000ed0d00000,0x0000000ed0e00000) (1024K)]
  0x000001ad528a6290 WorkerThread "GC Thread#0"                     [id=33428, stack(0x0000000ed0800000,0x0000000ed0900000) (1024K)]
  0x000001ad6a6f17d0 WorkerThread "GC Thread#1"                     [id=25956, stack(0x0000000ed1b00000,0x0000000ed1c00000) (1024K)]
  0x000001ad6ac269e0 WorkerThread "GC Thread#2"                     [id=20592, stack(0x0000000ed1c00000,0x0000000ed1d00000) (1024K)]
  0x000001ad6a7b0830 WorkerThread "GC Thread#3"                     [id=28952, stack(0x0000000ed1d00000,0x0000000ed1e00000) (1024K)]
  0x000001ad6a7b0bd0 WorkerThread "GC Thread#4"                     [id=34592, stack(0x0000000ed1e00000,0x0000000ed1f00000) (1024K)]
  0x000001ad6a7d14c0 WorkerThread "GC Thread#5"                     [id=21684, stack(0x0000000ed1f00000,0x0000000ed2000000) (1024K)]
  0x000001ad701ca370 WorkerThread "GC Thread#6"                     [id=31396, stack(0x0000000ed1a00000,0x0000000ed1b00000) (1024K)]
  0x000001ad702158f0 WorkerThread "GC Thread#7"                     [id=5388, stack(0x0000000ed2a00000,0x0000000ed2b00000) (1024K)]
  0x000001ad528b7270 ConcurrentGCThread "G1 Main Marker"            [id=18668, stack(0x0000000ed0900000,0x0000000ed0a00000) (1024K)]
  0x000001ad528b7ee0 WorkerThread "G1 Conc#0"                       [id=4600, stack(0x0000000ed0a00000,0x0000000ed0b00000) (1024K)]
  0x000001ad70216770 WorkerThread "G1 Conc#1"                       [id=9288, stack(0x0000000ed2b00000,0x0000000ed2c00000) (1024K)]
  0x000001ad69e2e700 ConcurrentGCThread "G1 Refine#0"               [id=11500, stack(0x0000000ed0b00000,0x0000000ed0c00000) (1024K)]
  0x000001ad69e2f080 ConcurrentGCThread "G1 Service"                [id=10312, stack(0x0000000ed0c00000,0x0000000ed0d00000) (1024K)]
Total: 15

Threads with active compile tasks:
Total: 0

VM state: not at safepoint (normal execution)

VM Mutex/Monitor currently owned by a thread:  ([mutex/lock_event])
[0x00007fff1c7fd460] Heap_lock - owner thread: 0x000001ad73793f60

Heap address: 0x0000000080000000, size: 2048 MB, Compressed Oops mode: 32-bit

CDS archive(s) not mapped
Compressed class space mapped at: 0x0000000100000000-0x0000000140000000, reserved size: 1073741824
Narrow klass base: 0x0000000000000000, Narrow klass shift: 3, Narrow klass range: 0x140000000

GC Precious Log:
 CardTable entry size: 512
 Card Set container configuration: InlinePtr #cards 5 size 8 Array Of Cards #cards 12 size 40 Howl #buckets 4 coarsen threshold 1843 Howl Bitmap #cards 512 size 80 coarsen threshold 460 Card regions per heap region 1 cards per card region 2048
 CPUs: 8 total, 8 available
 Memory: 16255M
 Large Page Support: Disabled
 NUMA Support: Disabled
 Compressed Oops: Enabled (32-bit)
 Heap Region Size: 1M
 Heap Min Capacity: 8M
 Heap Initial Capacity: 254M
 Heap Max Capacity: 2G
 Pre-touch: Disabled
 Parallel Workers: 8
 Concurrent Workers: 2
 Concurrent Refinement Workers: 8
 Periodic GC: Disabled

Heap:
 garbage-first heap   total 250880K, used 245560K [0x0000000080000000, 0x0000000100000000)
  region size 1024K, 6 young (6144K), 5 survivors (5120K)
 Metaspace       used 140183K, committed 142528K, reserved 1179648K
  class space    used 19275K, committed 20480K, reserved 1048576K

Heap Regions: E=young(eden), S=young(survivor), O=old, HS=humongous(starts), HC=humongous(continues), CS=collection set, F=free, TAMS=top-at-mark-start, PB=parsable bottom
|   0|0x0000000080000000, 0x0000000080100000, 0x0000000080100000|100%| O|  |TAMS 0x0000000080000000| PB 0x0000000080000000| Untracked 
|   1|0x0000000080100000, 0x0000000080200000, 0x0000000080200000|100%|HS|  |TAMS 0x0000000080100000| PB 0x0000000080100000| Complete 
|   2|0x0000000080200000, 0x0000000080300000, 0x0000000080300000|100%|HC|  |TAMS 0x0000000080200000| PB 0x0000000080200000| Complete 
|   3|0x0000000080300000, 0x0000000080400000, 0x0000000080400000|100%|HC|  |TAMS 0x0000000080300000| PB 0x0000000080300000| Complete 
|   4|0x0000000080400000, 0x0000000080500000, 0x0000000080500000|100%| O|  |TAMS 0x0000000080400000| PB 0x0000000080400000| Untracked 
|   5|0x0000000080500000, 0x0000000080600000, 0x0000000080600000|100%| O|  |TAMS 0x0000000080500000| PB 0x0000000080500000| Untracked 
|   6|0x0000000080600000, 0x0000000080700000, 0x0000000080700000|100%| O|  |TAMS 0x0000000080600000| PB 0x0000000080600000| Untracked 
|   7|0x0000000080700000, 0x0000000080800000, 0x0000000080800000|100%|HS|  |TAMS 0x0000000080700000| PB 0x0000000080700000| Complete 
|   8|0x0000000080800000, 0x0000000080900000, 0x0000000080900000|100%| O|  |TAMS 0x0000000080800000| PB 0x0000000080800000| Untracked 
|   9|0x0000000080900000, 0x0000000080a00000, 0x0000000080a00000|100%| O|  |TAMS 0x0000000080900000| PB 0x0000000080900000| Untracked 
|  10|0x0000000080a00000, 0x0000000080b00000, 0x0000000080b00000|100%| O|  |TAMS 0x0000000080a00000| PB 0x0000000080a00000| Untracked 
|  11|0x0000000080b00000, 0x0000000080c00000, 0x0000000080c00000|100%| O|  |TAMS 0x0000000080b00000| PB 0x0000000080b00000| Untracked 
|  12|0x0000000080c00000, 0x0000000080d00000, 0x0000000080d00000|100%| O|  |TAMS 0x0000000080c00000| PB 0x0000000080c00000| Untracked 
|  13|0x0000000080d00000, 0x0000000080e00000, 0x0000000080e00000|100%| O|  |TAMS 0x0000000080d00000| PB 0x0000000080d00000| Untracked 
|  14|0x0000000080e00000, 0x0000000080f00000, 0x0000000080f00000|100%| O|  |TAMS 0x0000000080e00000| PB 0x0000000080e00000| Untracked 
|  15|0x0000000080f00000, 0x0000000081000000, 0x0000000081000000|100%| O|  |TAMS 0x0000000080f00000| PB 0x0000000080f00000| Untracked 
|  16|0x0000000081000000, 0x0000000081100000, 0x0000000081100000|100%| O|  |TAMS 0x0000000081000000| PB 0x0000000081000000| Untracked 
|  17|0x0000000081100000, 0x0000000081200000, 0x0000000081200000|100%| O|  |TAMS 0x0000000081100000| PB 0x0000000081100000| Untracked 
|  18|0x0000000081200000, 0x0000000081300000, 0x0000000081300000|100%| O|  |TAMS 0x0000000081200000| PB 0x0000000081200000| Untracked 
|  19|0x0000000081300000, 0x0000000081400000, 0x0000000081400000|100%| O|  |TAMS 0x0000000081300000| PB 0x0000000081300000| Untracked 
|  20|0x0000000081400000, 0x0000000081500000, 0x0000000081500000|100%| O|  |TAMS 0x0000000081400000| PB 0x0000000081400000| Untracked 
|  21|0x0000000081500000, 0x0000000081600000, 0x0000000081600000|100%| O|  |TAMS 0x0000000081500000| PB 0x0000000081500000| Untracked 
|  22|0x0000000081600000, 0x0000000081700000, 0x0000000081700000|100%| O|  |TAMS 0x0000000081600000| PB 0x0000000081600000| Untracked 
|  23|0x0000000081700000, 0x0000000081800000, 0x0000000081800000|100%| O|  |TAMS 0x0000000081700000| PB 0x0000000081700000| Untracked 
|  24|0x0000000081800000, 0x0000000081900000, 0x0000000081900000|100%| O|  |TAMS 0x0000000081800000| PB 0x0000000081800000| Untracked 
|  25|0x0000000081900000, 0x0000000081a00000, 0x0000000081a00000|100%| O|  |TAMS 0x0000000081900000| PB 0x0000000081900000| Untracked 
|  26|0x0000000081a00000, 0x0000000081b00000, 0x0000000081b00000|100%| O|  |TAMS 0x0000000081a00000| PB 0x0000000081a00000| Untracked 
|  27|0x0000000081b00000, 0x0000000081c00000, 0x0000000081c00000|100%| O|  |TAMS 0x0000000081b00000| PB 0x0000000081b00000| Untracked 
|  28|0x0000000081c00000, 0x0000000081d00000, 0x0000000081d00000|100%| O|  |TAMS 0x0000000081c00000| PB 0x0000000081c00000| Untracked 
|  29|0x0000000081d00000, 0x0000000081e00000, 0x0000000081e00000|100%| O|  |TAMS 0x0000000081d00000| PB 0x0000000081d00000| Untracked 
|  30|0x0000000081e00000, 0x0000000081f00000, 0x0000000081f00000|100%| O|  |TAMS 0x0000000081e00000| PB 0x0000000081e00000| Untracked 
|  31|0x0000000081f00000, 0x0000000082000000, 0x0000000082000000|100%| O|  |TAMS 0x0000000081f00000| PB 0x0000000081f00000| Untracked 
|  32|0x0000000082000000, 0x0000000082000000, 0x0000000082100000|  0%| F|  |TAMS 0x0000000082000000| PB 0x0000000082000000| Untracked 
|  33|0x0000000082100000, 0x0000000082200000, 0x0000000082200000|100%| O|  |TAMS 0x0000000082100000| PB 0x0000000082100000| Untracked 
|  34|0x0000000082200000, 0x0000000082300000, 0x0000000082300000|100%| O|  |TAMS 0x0000000082200000| PB 0x0000000082200000| Untracked 
|  35|0x0000000082300000, 0x0000000082400000, 0x0000000082400000|100%| O|  |TAMS 0x0000000082300000| PB 0x0000000082300000| Untracked 
|  36|0x0000000082400000, 0x0000000082500000, 0x0000000082500000|100%| O|  |TAMS 0x0000000082400000| PB 0x0000000082400000| Untracked 
|  37|0x0000000082500000, 0x0000000082600000, 0x0000000082600000|100%| O|  |TAMS 0x0000000082500000| PB 0x0000000082500000| Untracked 
|  38|0x0000000082600000, 0x0000000082700000, 0x0000000082700000|100%| O|  |TAMS 0x0000000082600000| PB 0x0000000082600000| Untracked 
|  39|0x0000000082700000, 0x0000000082800000, 0x0000000082800000|100%| O|  |TAMS 0x0000000082700000| PB 0x0000000082700000| Untracked 
|  40|0x0000000082800000, 0x0000000082900000, 0x0000000082900000|100%| O|  |TAMS 0x0000000082800000| PB 0x0000000082800000| Untracked 
|  41|0x0000000082900000, 0x0000000082a00000, 0x0000000082a00000|100%| O|  |TAMS 0x0000000082900000| PB 0x0000000082900000| Untracked 
|  42|0x0000000082a00000, 0x0000000082b00000, 0x0000000082b00000|100%| O|  |TAMS 0x0000000082a00000| PB 0x0000000082a00000| Untracked 
|  43|0x0000000082b00000, 0x0000000082c00000, 0x0000000082c00000|100%| O|  |TAMS 0x0000000082b00000| PB 0x0000000082b00000| Untracked 
|  44|0x0000000082c00000, 0x0000000082d00000, 0x0000000082d00000|100%| O|  |TAMS 0x0000000082c00000| PB 0x0000000082c00000| Untracked 
|  45|0x0000000082d00000, 0x0000000082e00000, 0x0000000082e00000|100%| O|  |TAMS 0x0000000082d00000| PB 0x0000000082d00000| Untracked 
|  46|0x0000000082e00000, 0x0000000082f00000, 0x0000000082f00000|100%| O|  |TAMS 0x0000000082e00000| PB 0x0000000082e00000| Untracked 
|  47|0x0000000082f00000, 0x0000000083000000, 0x0000000083000000|100%| O|  |TAMS 0x0000000082f00000| PB 0x0000000082f00000| Untracked 
|  48|0x0000000083000000, 0x0000000083100000, 0x0000000083100000|100%|HS|  |TAMS 0x0000000083000000| PB 0x0000000083000000| Complete 
|  49|0x0000000083100000, 0x0000000083200000, 0x0000000083200000|100%|HS|  |TAMS 0x0000000083100000| PB 0x0000000083100000| Complete 
|  50|0x0000000083200000, 0x0000000083300000, 0x0000000083300000|100%|HS|  |TAMS 0x0000000083200000| PB 0x0000000083200000| Complete 
|  51|0x0000000083300000, 0x0000000083400000, 0x0000000083400000|100%|HC|  |TAMS 0x0000000083300000| PB 0x0000000083300000| Complete 
|  52|0x0000000083400000, 0x0000000083500000, 0x0000000083500000|100%|HS|  |TAMS 0x0000000083400000| PB 0x0000000083400000| Complete 
|  53|0x0000000083500000, 0x0000000083600000, 0x0000000083600000|100%|HC|  |TAMS 0x0000000083500000| PB 0x0000000083500000| Complete 
|  54|0x0000000083600000, 0x0000000083700000, 0x0000000083700000|100%|HS|  |TAMS 0x0000000083600000| PB 0x0000000083600000| Complete 
|  55|0x0000000083700000, 0x0000000083800000, 0x0000000083800000|100%|HS|  |TAMS 0x0000000083700000| PB 0x0000000083700000| Complete 
|  56|0x0000000083800000, 0x0000000083900000, 0x0000000083900000|100%|HC|  |TAMS 0x0000000083800000| PB 0x0000000083800000| Complete 
|  57|0x0000000083900000, 0x0000000083a00000, 0x0000000083a00000|100%|HC|  |TAMS 0x0000000083900000| PB 0x0000000083900000| Complete 
|  58|0x0000000083a00000, 0x0000000083b00000, 0x0000000083b00000|100%|HS|  |TAMS 0x0000000083a00000| PB 0x0000000083a00000| Complete 
|  59|0x0000000083b00000, 0x0000000083c00000, 0x0000000083c00000|100%| O|  |TAMS 0x0000000083b00000| PB 0x0000000083b00000| Untracked 
|  60|0x0000000083c00000, 0x0000000083d00000, 0x0000000083d00000|100%|HS|  |TAMS 0x0000000083c00000| PB 0x0000000083c00000| Complete 
|  61|0x0000000083d00000, 0x0000000083e00000, 0x0000000083e00000|100%|HS|  |TAMS 0x0000000083d00000| PB 0x0000000083d00000| Complete 
|  62|0x0000000083e00000, 0x0000000083f00000, 0x0000000083f00000|100%| O|  |TAMS 0x0000000083e00000| PB 0x0000000083e00000| Untracked 
|  63|0x0000000083f00000, 0x0000000084000000, 0x0000000084000000|100%| O|  |TAMS 0x0000000083f00000| PB 0x0000000083f00000| Untracked 
|  64|0x0000000084000000, 0x0000000084100000, 0x0000000084100000|100%| O|  |TAMS 0x0000000084000000| PB 0x0000000084000000| Untracked 
|  65|0x0000000084100000, 0x0000000084200000, 0x0000000084200000|100%| O|  |TAMS 0x0000000084100000| PB 0x0000000084100000| Untracked 
|  66|0x0000000084200000, 0x0000000084300000, 0x0000000084300000|100%| O|  |TAMS 0x0000000084200000| PB 0x0000000084200000| Untracked 
|  67|0x0000000084300000, 0x0000000084400000, 0x0000000084400000|100%| O|  |TAMS 0x0000000084300000| PB 0x0000000084300000| Untracked 
|  68|0x0000000084400000, 0x0000000084500000, 0x0000000084500000|100%| O|  |TAMS 0x0000000084400000| PB 0x0000000084400000| Untracked 
|  69|0x0000000084500000, 0x0000000084600000, 0x0000000084600000|100%| O|  |TAMS 0x0000000084500000| PB 0x0000000084500000| Untracked 
|  70|0x0000000084600000, 0x0000000084700000, 0x0000000084700000|100%| O|  |TAMS 0x0000000084600000| PB 0x0000000084600000| Untracked 
|  71|0x0000000084700000, 0x0000000084800000, 0x0000000084800000|100%| O|  |TAMS 0x0000000084700000| PB 0x0000000084700000| Untracked 
|  72|0x0000000084800000, 0x0000000084900000, 0x0000000084900000|100%|HS|  |TAMS 0x0000000084800000| PB 0x0000000084800000| Complete 
|  73|0x0000000084900000, 0x0000000084a00000, 0x0000000084a00000|100%|HS|  |TAMS 0x0000000084900000| PB 0x0000000084900000| Complete 
|  74|0x0000000084a00000, 0x0000000084b00000, 0x0000000084b00000|100%|HC|  |TAMS 0x0000000084a00000| PB 0x0000000084a00000| Complete 
|  75|0x0000000084b00000, 0x0000000084c00000, 0x0000000084c00000|100%|HC|  |TAMS 0x0000000084b00000| PB 0x0000000084b00000| Complete 
|  76|0x0000000084c00000, 0x0000000084d00000, 0x0000000084d00000|100%| O|  |TAMS 0x0000000084c00000| PB 0x0000000084c00000| Untracked 
|  77|0x0000000084d00000, 0x0000000084e00000, 0x0000000084e00000|100%| O|  |TAMS 0x0000000084d00000| PB 0x0000000084d00000| Untracked 
|  78|0x0000000084e00000, 0x0000000084f00000, 0x0000000084f00000|100%| O|  |TAMS 0x0000000084e00000| PB 0x0000000084e00000| Untracked 
|  79|0x0000000084f00000, 0x0000000085000000, 0x0000000085000000|100%| O|  |TAMS 0x0000000084f00000| PB 0x0000000084f00000| Untracked 
|  80|0x0000000085000000, 0x0000000085100000, 0x0000000085100000|100%| O|  |TAMS 0x0000000085000000| PB 0x0000000085000000| Untracked 
|  81|0x0000000085100000, 0x0000000085200000, 0x0000000085200000|100%| O|  |TAMS 0x0000000085100000| PB 0x0000000085100000| Untracked 
|  82|0x0000000085200000, 0x0000000085300000, 0x0000000085300000|100%| O|  |TAMS 0x0000000085200000| PB 0x0000000085200000| Untracked 
|  83|0x0000000085300000, 0x0000000085400000, 0x0000000085400000|100%| O|  |TAMS 0x0000000085300000| PB 0x0000000085300000| Untracked 
|  84|0x0000000085400000, 0x0000000085500000, 0x0000000085500000|100%| O|  |TAMS 0x0000000085400000| PB 0x0000000085400000| Untracked 
|  85|0x0000000085500000, 0x0000000085600000, 0x0000000085600000|100%| O|  |TAMS 0x0000000085500000| PB 0x0000000085500000| Untracked 
|  86|0x0000000085600000, 0x0000000085600000, 0x0000000085700000|  0%| F|  |TAMS 0x0000000085600000| PB 0x0000000085600000| Untracked 
|  87|0x0000000085700000, 0x0000000085800000, 0x0000000085800000|100%| O|  |TAMS 0x0000000085700000| PB 0x0000000085700000| Untracked 
|  88|0x0000000085800000, 0x0000000085900000, 0x0000000085900000|100%| O|  |TAMS 0x0000000085800000| PB 0x0000000085800000| Untracked 
|  89|0x0000000085900000, 0x0000000085a00000, 0x0000000085a00000|100%| O|  |TAMS 0x0000000085900000| PB 0x0000000085900000| Untracked 
|  90|0x0000000085a00000, 0x0000000085b00000, 0x0000000085b00000|100%| O|  |TAMS 0x0000000085a00000| PB 0x0000000085a00000| Untracked 
|  91|0x0000000085b00000, 0x0000000085c00000, 0x0000000085c00000|100%| O|  |TAMS 0x0000000085b00000| PB 0x0000000085b00000| Untracked 
|  92|0x0000000085c00000, 0x0000000085d00000, 0x0000000085d00000|100%| O|  |TAMS 0x0000000085c00000| PB 0x0000000085c00000| Untracked 
|  93|0x0000000085d00000, 0x0000000085e00000, 0x0000000085e00000|100%| O|  |TAMS 0x0000000085d00000| PB 0x0000000085d00000| Untracked 
|  94|0x0000000085e00000, 0x0000000085f00000, 0x0000000085f00000|100%| O|  |TAMS 0x0000000085e00000| PB 0x0000000085e00000| Untracked 
|  95|0x0000000085f00000, 0x0000000086000000, 0x0000000086000000|100%| O|  |TAMS 0x0000000085f00000| PB 0x0000000085f00000| Untracked 
|  96|0x0000000086000000, 0x0000000086100000, 0x0000000086100000|100%| O|  |TAMS 0x0000000086000000| PB 0x0000000086000000| Untracked 
|  97|0x0000000086100000, 0x0000000086100000, 0x0000000086200000|  0%| F|  |TAMS 0x0000000086100000| PB 0x0000000086100000| Untracked 
|  98|0x0000000086200000, 0x0000000086300000, 0x0000000086300000|100%| O|  |TAMS 0x0000000086200000| PB 0x0000000086200000| Untracked 
|  99|0x0000000086300000, 0x0000000086400000, 0x0000000086400000|100%| O|  |TAMS 0x0000000086300000| PB 0x0000000086300000| Untracked 
| 100|0x0000000086400000, 0x0000000086500000, 0x0000000086500000|100%| O|Cm|TAMS 0x0000000086400000| PB 0x0000000086400000| Complete 
| 101|0x0000000086500000, 0x0000000086600000, 0x0000000086600000|100%| O|  |TAMS 0x0000000086500000| PB 0x0000000086500000| Untracked 
| 102|0x0000000086600000, 0x0000000086700000, 0x0000000086700000|100%| O|  |TAMS 0x0000000086600000| PB 0x0000000086600000| Untracked 
| 103|0x0000000086700000, 0x0000000086800000, 0x0000000086800000|100%| O|  |TAMS 0x0000000086700000| PB 0x0000000086700000| Untracked 
| 104|0x0000000086800000, 0x0000000086900000, 0x0000000086900000|100%| O|  |TAMS 0x0000000086800000| PB 0x0000000086800000| Untracked 
| 105|0x0000000086900000, 0x0000000086a00000, 0x0000000086a00000|100%| O|  |TAMS 0x0000000086900000| PB 0x0000000086900000| Untracked 
| 106|0x0000000086a00000, 0x0000000086b00000, 0x0000000086b00000|100%| O|  |TAMS 0x0000000086a00000| PB 0x0000000086a00000| Untracked 
| 107|0x0000000086b00000, 0x0000000086c00000, 0x0000000086c00000|100%| O|  |TAMS 0x0000000086b00000| PB 0x0000000086b00000| Untracked 
| 108|0x0000000086c00000, 0x0000000086d00000, 0x0000000086d00000|100%| O|  |TAMS 0x0000000086c00000| PB 0x0000000086c00000| Untracked 
| 109|0x0000000086d00000, 0x0000000086e00000, 0x0000000086e00000|100%| O|  |TAMS 0x0000000086d00000| PB 0x0000000086d00000| Untracked 
| 110|0x0000000086e00000, 0x0000000086f00000, 0x0000000086f00000|100%| O|  |TAMS 0x0000000086e00000| PB 0x0000000086e00000| Untracked 
| 111|0x0000000086f00000, 0x0000000087000000, 0x0000000087000000|100%| O|  |TAMS 0x0000000086f00000| PB 0x0000000086f00000| Untracked 
| 112|0x0000000087000000, 0x0000000087100000, 0x0000000087100000|100%| O|  |TAMS 0x0000000087000000| PB 0x0000000087000000| Untracked 
| 113|0x0000000087100000, 0x0000000087200000, 0x0000000087200000|100%| O|  |TAMS 0x0000000087100000| PB 0x0000000087100000| Untracked 
| 114|0x0000000087200000, 0x0000000087300000, 0x0000000087300000|100%| O|  |TAMS 0x0000000087200000| PB 0x0000000087200000| Untracked 
| 115|0x0000000087300000, 0x0000000087400000, 0x0000000087400000|100%| O|  |TAMS 0x0000000087300000| PB 0x0000000087300000| Untracked 
| 116|0x0000000087400000, 0x0000000087500000, 0x0000000087500000|100%|HS|  |TAMS 0x0000000087400000| PB 0x0000000087400000| Complete 
| 117|0x0000000087500000, 0x0000000087600000, 0x0000000087600000|100%|HC|  |TAMS 0x0000000087500000| PB 0x0000000087500000| Complete 
| 118|0x0000000087600000, 0x0000000087700000, 0x0000000087700000|100%| O|  |TAMS 0x0000000087600000| PB 0x0000000087600000| Untracked 
| 119|0x0000000087700000, 0x0000000087800000, 0x0000000087800000|100%| O|  |TAMS 0x0000000087700000| PB 0x0000000087700000| Untracked 
| 120|0x0000000087800000, 0x0000000087900000, 0x0000000087900000|100%| O|  |TAMS 0x0000000087800000| PB 0x0000000087800000| Untracked 
| 121|0x0000000087900000, 0x0000000087a00000, 0x0000000087a00000|100%| O|Cm|TAMS 0x0000000087900000| PB 0x0000000087900000| Complete 
| 122|0x0000000087a00000, 0x0000000087b00000, 0x0000000087b00000|100%| O|  |TAMS 0x0000000087a00000| PB 0x0000000087a00000| Untracked 
| 123|0x0000000087b00000, 0x0000000087c00000, 0x0000000087c00000|100%| O|Cm|TAMS 0x0000000087b00000| PB 0x0000000087b00000| Complete 
| 124|0x0000000087c00000, 0x0000000087cd8740, 0x0000000087d00000| 84%| O|  |TAMS 0x0000000087c00000| PB 0x0000000087c00000| Untracked 
| 125|0x0000000087d00000, 0x0000000087e00000, 0x0000000087e00000|100%|HS|  |TAMS 0x0000000087d00000| PB 0x0000000087d00000| Complete 
| 126|0x0000000087e00000, 0x0000000087f00000, 0x0000000087f00000|100%|HC|  |TAMS 0x0000000087e00000| PB 0x0000000087e00000| Complete 
| 127|0x0000000087f00000, 0x0000000088000000, 0x0000000088000000|100%|HS|  |TAMS 0x0000000087f00000| PB 0x0000000087f00000| Complete 
| 128|0x0000000088000000, 0x0000000088100000, 0x0000000088100000|100%|HC|  |TAMS 0x0000000088000000| PB 0x0000000088000000| Complete 
| 129|0x0000000088100000, 0x0000000088200000, 0x0000000088200000|100%|HS|  |TAMS 0x0000000088100000| PB 0x0000000088100000| Complete 
| 130|0x0000000088200000, 0x0000000088300000, 0x0000000088300000|100%|HC|  |TAMS 0x0000000088200000| PB 0x0000000088200000| Complete 
| 131|0x0000000088300000, 0x0000000088400000, 0x0000000088400000|100%|HS|  |TAMS 0x0000000088300000| PB 0x0000000088300000| Complete 
| 132|0x0000000088400000, 0x0000000088500000, 0x0000000088500000|100%|HC|  |TAMS 0x0000000088400000| PB 0x0000000088400000| Complete 
| 133|0x0000000088500000, 0x0000000088600000, 0x0000000088600000|100%|HS|  |TAMS 0x0000000088500000| PB 0x0000000088500000| Complete 
| 134|0x0000000088600000, 0x0000000088700000, 0x0000000088700000|100%|HC|  |TAMS 0x0000000088600000| PB 0x0000000088600000| Complete 
| 135|0x0000000088700000, 0x0000000088800000, 0x0000000088800000|100%|HS|  |TAMS 0x0000000088700000| PB 0x0000000088700000| Complete 
| 136|0x0000000088800000, 0x0000000088900000, 0x0000000088900000|100%|HC|  |TAMS 0x0000000088800000| PB 0x0000000088800000| Complete 
| 137|0x0000000088900000, 0x0000000088a00000, 0x0000000088a00000|100%|HS|  |TAMS 0x0000000088900000| PB 0x0000000088900000| Complete 
| 138|0x0000000088a00000, 0x0000000088b00000, 0x0000000088b00000|100%|HC|  |TAMS 0x0000000088a00000| PB 0x0000000088a00000| Complete 
| 139|0x0000000088b00000, 0x0000000088c00000, 0x0000000088c00000|100%|HS|  |TAMS 0x0000000088b00000| PB 0x0000000088b00000| Complete 
| 140|0x0000000088c00000, 0x0000000088d00000, 0x0000000088d00000|100%|HC|  |TAMS 0x0000000088c00000| PB 0x0000000088c00000| Complete 
| 141|0x0000000088d00000, 0x0000000088e00000, 0x0000000088e00000|100%|HS|  |TAMS 0x0000000088d00000| PB 0x0000000088d00000| Complete 
| 142|0x0000000088e00000, 0x0000000088f00000, 0x0000000088f00000|100%|HC|  |TAMS 0x0000000088e00000| PB 0x0000000088e00000| Complete 
| 143|0x0000000088f00000, 0x0000000089000000, 0x0000000089000000|100%|HS|  |TAMS 0x0000000088f00000| PB 0x0000000088f00000| Complete 
| 144|0x0000000089000000, 0x0000000089100000, 0x0000000089100000|100%|HC|  |TAMS 0x0000000089000000| PB 0x0000000089000000| Complete 
| 145|0x0000000089100000, 0x0000000089200000, 0x0000000089200000|100%|HS|  |TAMS 0x0000000089100000| PB 0x0000000089100000| Complete 
| 146|0x0000000089200000, 0x0000000089300000, 0x0000000089300000|100%|HC|  |TAMS 0x0000000089200000| PB 0x0000000089200000| Complete 
| 147|0x0000000089300000, 0x0000000089400000, 0x0000000089400000|100%|HS|  |TAMS 0x0000000089300000| PB 0x0000000089300000| Complete 
| 148|0x0000000089400000, 0x0000000089500000, 0x0000000089500000|100%|HC|  |TAMS 0x0000000089400000| PB 0x0000000089400000| Complete 
| 149|0x0000000089500000, 0x0000000089600000, 0x0000000089600000|100%|HS|  |TAMS 0x0000000089500000| PB 0x0000000089500000| Complete 
| 150|0x0000000089600000, 0x0000000089700000, 0x0000000089700000|100%|HC|  |TAMS 0x0000000089600000| PB 0x0000000089600000| Complete 
| 151|0x0000000089700000, 0x0000000089700000, 0x0000000089800000|  0%| F|  |TAMS 0x0000000089700000| PB 0x0000000089700000| Untracked 
| 152|0x0000000089800000, 0x00000000898422c0, 0x0000000089900000| 25%| S|CS|TAMS 0x0000000089800000| PB 0x0000000089800000| Complete 
| 153|0x0000000089900000, 0x0000000089a00000, 0x0000000089a00000|100%| S|CS|TAMS 0x0000000089900000| PB 0x0000000089900000| Complete 
| 154|0x0000000089a00000, 0x0000000089b00000, 0x0000000089b00000|100%| S|CS|TAMS 0x0000000089a00000| PB 0x0000000089a00000| Complete 
| 155|0x0000000089b00000, 0x0000000089c00000, 0x0000000089c00000|100%| S|CS|TAMS 0x0000000089b00000| PB 0x0000000089b00000| Complete 
| 156|0x0000000089c00000, 0x0000000089d00000, 0x0000000089d00000|100%| S|CS|TAMS 0x0000000089c00000| PB 0x0000000089c00000| Complete 
| 157|0x0000000089d00000, 0x0000000089e00000, 0x0000000089e00000|100%|HS|  |TAMS 0x0000000089d00000| PB 0x0000000089d00000| Complete 
| 158|0x0000000089e00000, 0x0000000089f00000, 0x0000000089f00000|100%|HC|  |TAMS 0x0000000089e00000| PB 0x0000000089e00000| Complete 
| 159|0x0000000089f00000, 0x000000008a000000, 0x000000008a000000|100%|HS|  |TAMS 0x0000000089f00000| PB 0x0000000089f00000| Complete 
| 160|0x000000008a000000, 0x000000008a100000, 0x000000008a100000|100%|HC|  |TAMS 0x000000008a000000| PB 0x000000008a000000| Complete 
| 161|0x000000008a100000, 0x000000008a200000, 0x000000008a200000|100%|HS|  |TAMS 0x000000008a100000| PB 0x000000008a100000| Complete 
| 162|0x000000008a200000, 0x000000008a300000, 0x000000008a300000|100%|HC|  |TAMS 0x000000008a200000| PB 0x000000008a200000| Complete 
| 163|0x000000008a300000, 0x000000008a400000, 0x000000008a400000|100%|HS|  |TAMS 0x000000008a300000| PB 0x000000008a300000| Complete 
| 164|0x000000008a400000, 0x000000008a500000, 0x000000008a500000|100%|HC|  |TAMS 0x000000008a400000| PB 0x000000008a400000| Complete 
| 165|0x000000008a500000, 0x000000008a600000, 0x000000008a600000|100%|HS|  |TAMS 0x000000008a500000| PB 0x000000008a500000| Complete 
| 166|0x000000008a600000, 0x000000008a700000, 0x000000008a700000|100%|HC|  |TAMS 0x000000008a600000| PB 0x000000008a600000| Complete 
| 167|0x000000008a700000, 0x000000008a800000, 0x000000008a800000|100%|HS|  |TAMS 0x000000008a700000| PB 0x000000008a700000| Complete 
| 168|0x000000008a800000, 0x000000008a900000, 0x000000008a900000|100%|HC|  |TAMS 0x000000008a800000| PB 0x000000008a800000| Complete 
| 169|0x000000008a900000, 0x000000008aa00000, 0x000000008aa00000|100%|HS|  |TAMS 0x000000008a900000| PB 0x000000008a900000| Complete 
| 170|0x000000008aa00000, 0x000000008ab00000, 0x000000008ab00000|100%|HC|  |TAMS 0x000000008aa00000| PB 0x000000008aa00000| Complete 
| 171|0x000000008ab00000, 0x000000008ac00000, 0x000000008ac00000|100%|HS|  |TAMS 0x000000008ab00000| PB 0x000000008ab00000| Complete 
| 172|0x000000008ac00000, 0x000000008ad00000, 0x000000008ad00000|100%|HC|  |TAMS 0x000000008ac00000| PB 0x000000008ac00000| Complete 
| 173|0x000000008ad00000, 0x000000008ae00000, 0x000000008ae00000|100%|HS|  |TAMS 0x000000008ad00000| PB 0x000000008ad00000| Complete 
| 174|0x000000008ae00000, 0x000000008af00000, 0x000000008af00000|100%|HC|  |TAMS 0x000000008ae00000| PB 0x000000008ae00000| Complete 
| 175|0x000000008af00000, 0x000000008b000000, 0x000000008b000000|100%|HS|  |TAMS 0x000000008af00000| PB 0x000000008af00000| Complete 
| 176|0x000000008b000000, 0x000000008b100000, 0x000000008b100000|100%|HC|  |TAMS 0x000000008b000000| PB 0x000000008b000000| Complete 
| 177|0x000000008b100000, 0x000000008b200000, 0x000000008b200000|100%|HS|  |TAMS 0x000000008b100000| PB 0x000000008b100000| Complete 
| 178|0x000000008b200000, 0x000000008b300000, 0x000000008b300000|100%|HC|  |TAMS 0x000000008b200000| PB 0x000000008b200000| Complete 
| 179|0x000000008b300000, 0x000000008b400000, 0x000000008b400000|100%|HS|  |TAMS 0x000000008b300000| PB 0x000000008b300000| Complete 
| 180|0x000000008b400000, 0x000000008b500000, 0x000000008b500000|100%|HC|  |TAMS 0x000000008b400000| PB 0x000000008b400000| Complete 
| 181|0x000000008b500000, 0x000000008b600000, 0x000000008b600000|100%|HS|  |TAMS 0x000000008b500000| PB 0x000000008b500000| Complete 
| 182|0x000000008b600000, 0x000000008b700000, 0x000000008b700000|100%|HC|  |TAMS 0x000000008b600000| PB 0x000000008b600000| Complete 
| 183|0x000000008b700000, 0x000000008b800000, 0x000000008b800000|100%|HS|  |TAMS 0x000000008b700000| PB 0x000000008b700000| Complete 
| 184|0x000000008b800000, 0x000000008b900000, 0x000000008b900000|100%|HC|  |TAMS 0x000000008b800000| PB 0x000000008b800000| Complete 
| 185|0x000000008b900000, 0x000000008ba00000, 0x000000008ba00000|100%|HS|  |TAMS 0x000000008b900000| PB 0x000000008b900000| Complete 
| 186|0x000000008ba00000, 0x000000008bb00000, 0x000000008bb00000|100%|HC|  |TAMS 0x000000008ba00000| PB 0x000000008ba00000| Complete 
| 187|0x000000008bb00000, 0x000000008bc00000, 0x000000008bc00000|100%|HS|  |TAMS 0x000000008bb00000| PB 0x000000008bb00000| Complete 
| 188|0x000000008bc00000, 0x000000008bd00000, 0x000000008bd00000|100%|HC|  |TAMS 0x000000008bc00000| PB 0x000000008bc00000| Complete 
| 189|0x000000008bd00000, 0x000000008be00000, 0x000000008be00000|100%|HS|  |TAMS 0x000000008bd00000| PB 0x000000008bd00000| Complete 
| 190|0x000000008be00000, 0x000000008bf00000, 0x000000008bf00000|100%|HC|  |TAMS 0x000000008be00000| PB 0x000000008be00000| Complete 
| 191|0x000000008bf00000, 0x000000008c000000, 0x000000008c000000|100%|HS|  |TAMS 0x000000008bf00000| PB 0x000000008bf00000| Complete 
| 192|0x000000008c000000, 0x000000008c100000, 0x000000008c100000|100%|HC|  |TAMS 0x000000008c000000| PB 0x000000008c000000| Complete 
| 193|0x000000008c100000, 0x000000008c200000, 0x000000008c200000|100%|HS|  |TAMS 0x000000008c100000| PB 0x000000008c100000| Complete 
| 194|0x000000008c200000, 0x000000008c300000, 0x000000008c300000|100%|HC|  |TAMS 0x000000008c200000| PB 0x000000008c200000| Complete 
| 195|0x000000008c300000, 0x000000008c400000, 0x000000008c400000|100%|HS|  |TAMS 0x000000008c300000| PB 0x000000008c300000| Complete 
| 196|0x000000008c400000, 0x000000008c500000, 0x000000008c500000|100%|HC|  |TAMS 0x000000008c400000| PB 0x000000008c400000| Complete 
| 197|0x000000008c500000, 0x000000008c600000, 0x000000008c600000|100%|HS|  |TAMS 0x000000008c500000| PB 0x000000008c500000| Complete 
| 198|0x000000008c600000, 0x000000008c700000, 0x000000008c700000|100%|HC|  |TAMS 0x000000008c600000| PB 0x000000008c600000| Complete 
| 199|0x000000008c700000, 0x000000008c800000, 0x000000008c800000|100%|HS|  |TAMS 0x000000008c700000| PB 0x000000008c700000| Complete 
| 200|0x000000008c800000, 0x000000008c900000, 0x000000008c900000|100%|HC|  |TAMS 0x000000008c800000| PB 0x000000008c800000| Complete 
| 201|0x000000008c900000, 0x000000008ca00000, 0x000000008ca00000|100%|HS|  |TAMS 0x000000008c900000| PB 0x000000008c900000| Complete 
| 202|0x000000008ca00000, 0x000000008cb00000, 0x000000008cb00000|100%|HC|  |TAMS 0x000000008ca00000| PB 0x000000008ca00000| Complete 
| 203|0x000000008cb00000, 0x000000008cc00000, 0x000000008cc00000|100%|HS|  |TAMS 0x000000008cb00000| PB 0x000000008cb00000| Complete 
| 204|0x000000008cc00000, 0x000000008cd00000, 0x000000008cd00000|100%|HC|  |TAMS 0x000000008cc00000| PB 0x000000008cc00000| Complete 
| 205|0x000000008cd00000, 0x000000008ce00000, 0x000000008ce00000|100%|HS|  |TAMS 0x000000008cd00000| PB 0x000000008cd00000| Complete 
| 206|0x000000008ce00000, 0x000000008cf00000, 0x000000008cf00000|100%|HC|  |TAMS 0x000000008ce00000| PB 0x000000008ce00000| Complete 
| 207|0x000000008cf00000, 0x000000008d000000, 0x000000008d000000|100%|HS|  |TAMS 0x000000008cf00000| PB 0x000000008cf00000| Complete 
| 208|0x000000008d000000, 0x000000008d100000, 0x000000008d100000|100%|HC|  |TAMS 0x000000008d000000| PB 0x000000008d000000| Complete 
| 209|0x000000008d100000, 0x000000008d200000, 0x000000008d200000|100%|HS|  |TAMS 0x000000008d100000| PB 0x000000008d100000| Complete 
| 210|0x000000008d200000, 0x000000008d300000, 0x000000008d300000|100%|HC|  |TAMS 0x000000008d200000| PB 0x000000008d200000| Complete 
| 211|0x000000008d300000, 0x000000008d400000, 0x000000008d400000|100%|HS|  |TAMS 0x000000008d300000| PB 0x000000008d300000| Complete 
| 212|0x000000008d400000, 0x000000008d500000, 0x000000008d500000|100%|HC|  |TAMS 0x000000008d400000| PB 0x000000008d400000| Complete 
| 213|0x000000008d500000, 0x000000008d600000, 0x000000008d600000|100%|HS|  |TAMS 0x000000008d500000| PB 0x000000008d500000| Complete 
| 214|0x000000008d600000, 0x000000008d700000, 0x000000008d700000|100%|HC|  |TAMS 0x000000008d600000| PB 0x000000008d600000| Complete 
| 215|0x000000008d700000, 0x000000008d800000, 0x000000008d800000|100%|HS|  |TAMS 0x000000008d700000| PB 0x000000008d700000| Complete 
| 216|0x000000008d800000, 0x000000008d900000, 0x000000008d900000|100%|HC|  |TAMS 0x000000008d800000| PB 0x000000008d800000| Complete 
| 217|0x000000008d900000, 0x000000008da00000, 0x000000008da00000|100%|HS|  |TAMS 0x000000008d900000| PB 0x000000008d900000| Complete 
| 218|0x000000008da00000, 0x000000008db00000, 0x000000008db00000|100%|HC|  |TAMS 0x000000008da00000| PB 0x000000008da00000| Complete 
| 219|0x000000008db00000, 0x000000008dc00000, 0x000000008dc00000|100%|HS|  |TAMS 0x000000008db00000| PB 0x000000008db00000| Complete 
| 220|0x000000008dc00000, 0x000000008dd00000, 0x000000008dd00000|100%|HC|  |TAMS 0x000000008dc00000| PB 0x000000008dc00000| Complete 
| 221|0x000000008dd00000, 0x000000008de00000, 0x000000008de00000|100%|HS|  |TAMS 0x000000008dd00000| PB 0x000000008dd00000| Complete 
| 222|0x000000008de00000, 0x000000008df00000, 0x000000008df00000|100%|HC|  |TAMS 0x000000008de00000| PB 0x000000008de00000| Complete 
| 223|0x000000008df00000, 0x000000008e000000, 0x000000008e000000|100%|HS|  |TAMS 0x000000008df00000| PB 0x000000008df00000| Complete 
| 224|0x000000008e000000, 0x000000008e100000, 0x000000008e100000|100%|HC|  |TAMS 0x000000008e000000| PB 0x000000008e000000| Complete 
| 225|0x000000008e100000, 0x000000008e200000, 0x000000008e200000|100%|HS|  |TAMS 0x000000008e100000| PB 0x000000008e100000| Complete 
| 226|0x000000008e200000, 0x000000008e300000, 0x000000008e300000|100%|HC|  |TAMS 0x000000008e200000| PB 0x000000008e200000| Complete 
| 227|0x000000008e300000, 0x000000008e400000, 0x000000008e400000|100%|HS|  |TAMS 0x000000008e300000| PB 0x000000008e300000| Complete 
| 228|0x000000008e400000, 0x000000008e500000, 0x000000008e500000|100%|HC|  |TAMS 0x000000008e400000| PB 0x000000008e400000| Complete 
| 229|0x000000008e500000, 0x000000008e600000, 0x000000008e600000|100%|HS|  |TAMS 0x000000008e500000| PB 0x000000008e500000| Complete 
| 230|0x000000008e600000, 0x000000008e700000, 0x000000008e700000|100%|HC|  |TAMS 0x000000008e600000| PB 0x000000008e600000| Complete 
| 231|0x000000008e700000, 0x000000008e800000, 0x000000008e800000|100%|HS|  |TAMS 0x000000008e700000| PB 0x000000008e700000| Complete 
| 232|0x000000008e800000, 0x000000008e900000, 0x000000008e900000|100%|HC|  |TAMS 0x000000008e800000| PB 0x000000008e800000| Complete 
| 233|0x000000008e900000, 0x000000008ea00000, 0x000000008ea00000|100%|HS|  |TAMS 0x000000008e900000| PB 0x000000008e900000| Complete 
| 234|0x000000008ea00000, 0x000000008eb00000, 0x000000008eb00000|100%|HC|  |TAMS 0x000000008ea00000| PB 0x000000008ea00000| Complete 
| 235|0x000000008eb00000, 0x000000008ec00000, 0x000000008ec00000|100%|HS|  |TAMS 0x000000008eb00000| PB 0x000000008eb00000| Complete 
| 236|0x000000008ec00000, 0x000000008ed00000, 0x000000008ed00000|100%|HC|  |TAMS 0x000000008ec00000| PB 0x000000008ec00000| Complete 
| 237|0x000000008ed00000, 0x000000008ee00000, 0x000000008ee00000|100%|HS|  |TAMS 0x000000008ed00000| PB 0x000000008ed00000| Complete 
| 238|0x000000008ee00000, 0x000000008ef00000, 0x000000008ef00000|100%|HC|  |TAMS 0x000000008ee00000| PB 0x000000008ee00000| Complete 
| 239|0x000000008ef00000, 0x000000008f000000, 0x000000008f000000|100%|HS|  |TAMS 0x000000008ef00000| PB 0x000000008ef00000| Complete 
| 240|0x000000008f000000, 0x000000008f100000, 0x000000008f100000|100%|HC|  |TAMS 0x000000008f000000| PB 0x000000008f000000| Complete 
| 241|0x000000008f100000, 0x000000008f200000, 0x000000008f200000|100%|HS|  |TAMS 0x000000008f100000| PB 0x000000008f100000| Complete 
| 242|0x000000008f200000, 0x000000008f300000, 0x000000008f300000|100%|HC|  |TAMS 0x000000008f200000| PB 0x000000008f200000| Complete 
| 253|0x000000008fd00000, 0x000000008fdb3638, 0x000000008fe00000| 70%| E|  |TAMS 0x000000008fd00000| PB 0x000000008fd00000| Complete 
|2047|0x00000000fff00000, 0x0000000100000000, 0x0000000100000000|100%| O|  |TAMS 0x00000000fff00000| PB 0x00000000fff00000| Untracked 

Card table byte_map: [0x000001ad650d0000,0x000001ad654d0000] _byte_map_base: 0x000001ad64cd0000

Marking Bits: (CMBitMap*) 0x000001ad528a6990
 Bits: [0x000001ad654d0000, 0x000001ad674d0000)

Polling page: 0x000001ad507b0000

Metaspace:

Usage:
  Non-class:    118.07 MB used.
      Class:     18.82 MB used.
       Both:    136.90 MB used.

Virtual space:
  Non-class space:      128.00 MB reserved,     119.19 MB ( 93%) committed,  2 nodes.
      Class space:        1.00 GB reserved,      20.00 MB (  2%) committed,  1 nodes.
             Both:        1.12 GB reserved,     139.19 MB ( 12%) committed. 

Chunk freelists:
   Non-Class:  8.62 MB
       Class:  11.98 MB
        Both:  20.61 MB

MaxMetaspaceSize: unlimited
CompressedClassSpaceSize: 1.00 GB
Initial GC threshold: 21.00 MB
Current GC threshold: 232.00 MB
CDS: off
 - commit_granule_bytes: 65536.
 - commit_granule_words: 8192.
 - virtual_space_node_default_size: 8388608.
 - enlarge_chunks_in_place: 1.
 - use_allocation_guard: 0.


Internal statistics:

num_allocs_failed_limit: 12.
num_arena_births: 4686.
num_arena_deaths: 0.
num_vsnodes_births: 3.
num_vsnodes_deaths: 0.
num_space_committed: 2226.
num_space_uncommitted: 0.
num_chunks_returned_to_freelist: 12.
num_chunks_taken_from_freelist: 10693.
num_chunk_merges: 12.
num_chunk_splits: 6998.
num_chunks_enlarged: 4490.
num_inconsistent_stats: 0.

CodeHeap 'non-profiled nmethods': size=120000Kb used=8916Kb max_used=9457Kb free=111084Kb
 bounds [0x000001ad5d470000, 0x000001ad5ddb0000, 0x000001ad649a0000]
CodeHeap 'profiled nmethods': size=120000Kb used=28094Kb max_used=29153Kb free=91905Kb
 bounds [0x000001ad559a0000, 0x000001ad57620000, 0x000001ad5ced0000]
CodeHeap 'non-nmethods': size=5760Kb used=2235Kb max_used=2319Kb free=3524Kb
 bounds [0x000001ad5ced0000, 0x000001ad5d140000, 0x000001ad5d470000]
 total_blobs=15812 nmethods=14867 adapters=848
 compilation: enabled
              stopped_count=0, restarted_count=0
 full_count=0

Compilation events (20 events):
Event: 69.181 Thread 0x000001ad6a06b5e0 nmethod 18021 0x000001ad57604010 code [0x000001ad576041c0, 0x000001ad576042f8]
Event: 69.196 Thread 0x000001ad6a068ce0 nmethod 18020 0x000001ad5dda9490 code [0x000001ad5dda97a0, 0x000001ad5ddab070]
Event: 69.198 Thread 0x000001ad6a06b5e0 18022       3       java.nio.channels.Channels::newInputStream (12 bytes)
Event: 69.198 Thread 0x000001ad6a06b5e0 nmethod 18022 0x000001ad57604390 code [0x000001ad576045a0, 0x000001ad57604cc0]
Event: 69.239 Thread 0x000001ad6a06b5e0 18023       3       java.util.zip.DeflaterOutputStream::deflate (36 bytes)
Event: 69.239 Thread 0x000001ad6a06b5e0 nmethod 18023 0x000001ad57604f10 code [0x000001ad576050e0, 0x000001ad57605368]
Event: 69.239 Thread 0x000001ad6a06b5e0 18024       3       java.util.zip.Deflater::deflate (9 bytes)
Event: 69.239 Thread 0x000001ad6a06b5e0 nmethod 18024 0x000001ad57605490 code [0x000001ad57605640, 0x000001ad57605798]
Event: 69.291 Thread 0x000001ad6a06b5e0 18025       3       java.net.URLStreamHandler::parseURL (1124 bytes)
Event: 69.306 Thread 0x000001ad6a06b5e0 nmethod 18025 0x000001ad57605890 code [0x000001ad57606c40, 0x000001ad57612e50]
Event: 69.343 Thread 0x000001ad6a06b5e0 18026       3       sun.security.jca.ProviderList::getProvider (22 bytes)
Event: 69.350 Thread 0x000001ad6a06b5e0 nmethod 18026 0x000001ad57617c90 code [0x000001ad57617e60, 0x000001ad57618040]
Event: 69.351 Thread 0x000001ad6a06b5e0 18027       3       java.lang.Thread::setContextClassLoader (28 bytes)
Event: 69.351 Thread 0x000001ad6a06b5e0 nmethod 18027 0x000001ad57618190 code [0x000001ad57618340, 0x000001ad57618590]
Event: 69.352 Thread 0x000001ad6a06b5e0 18028       1       java.lang.Thread::setThreadContainer (6 bytes)
Event: 69.352 Thread 0x000001ad6a06b5e0 nmethod 18028 0x000001ad5ddabe10 code [0x000001ad5ddabfa0, 0x000001ad5ddac0b0]
Event: 69.352 Thread 0x000001ad6a06b5e0 18029       1       jdk.internal.vm.SharedThreadContainer::owner (2 bytes)
Event: 69.352 Thread 0x000001ad6a06b5e0 nmethod 18029 0x000001ad5ddac110 code [0x000001ad5ddac2a0, 0x000001ad5ddac370]
Event: 69.682 Thread 0x000001ad6a068ce0 18030       4       sun.security.provider.DigestBase::implCompressMultiBlock0 (23 bytes)
Event: 69.682 Thread 0x000001ad6a068ce0 nmethod 18030 0x000001ad5d859a10 code [0x000001ad5d859ba0, 0x000001ad5d859ca0]

GC Heap History (20 events):
Event: 35.681 GC heap before
{Heap before GC invocations=50 (full 0):
 garbage-first heap   total 181248K, used 161826K [0x0000000080000000, 0x0000000100000000)
  region size 1024K, 58 young (59392K), 7 survivors (7168K)
 Metaspace       used 112711K, committed 114880K, reserved 1179648K
  class space    used 15528K, committed 16640K, reserved 1048576K
}
Event: 35.686 GC heap after
{Heap after GC invocations=51 (full 0):
 garbage-first heap   total 181248K, used 112562K [0x0000000080000000, 0x0000000100000000)
  region size 1024K, 5 young (5120K), 5 survivors (5120K)
 Metaspace       used 112711K, committed 114880K, reserved 1179648K
  class space    used 15528K, committed 16640K, reserved 1048576K
}
Event: 37.874 GC heap before
{Heap before GC invocations=52 (full 0):
 garbage-first heap   total 189440K, used 163762K [0x0000000080000000, 0x0000000100000000)
  region size 1024K, 56 young (57344K), 5 survivors (5120K)
 Metaspace       used 115804K, committed 118016K, reserved 1179648K
  class space    used 15915K, committed 17024K, reserved 1048576K
}
Event: 37.880 GC heap after
{Heap after GC invocations=53 (full 0):
 garbage-first heap   total 189440K, used 117480K [0x0000000080000000, 0x0000000100000000)
  region size 1024K, 7 young (7168K), 7 survivors (7168K)
 Metaspace       used 115804K, committed 118016K, reserved 1179648K
  class space    used 15915K, committed 17024K, reserved 1048576K
}
Event: 38.941 GC heap before
{Heap before GC invocations=53 (full 0):
 garbage-first heap   total 189440K, used 170728K [0x0000000080000000, 0x0000000100000000)
  region size 1024K, 60 young (61440K), 7 survivors (7168K)
 Metaspace       used 116444K, committed 118720K, reserved 1179648K
  class space    used 16016K, committed 17152K, reserved 1048576K
}
Event: 38.947 GC heap after
{Heap after GC invocations=54 (full 0):
 garbage-first heap   total 189440K, used 118405K [0x0000000080000000, 0x0000000100000000)
  region size 1024K, 5 young (5120K), 5 survivors (5120K)
 Metaspace       used 116444K, committed 118720K, reserved 1179648K
  class space    used 16016K, committed 17152K, reserved 1048576K
}
Event: 51.093 GC heap before
{Heap before GC invocations=54 (full 0):
 garbage-first heap   total 189440K, used 171653K [0x0000000080000000, 0x0000000100000000)
  region size 1024K, 58 young (59392K), 5 survivors (5120K)
 Metaspace       used 117881K, committed 120256K, reserved 1179648K
  class space    used 16231K, committed 17408K, reserved 1048576K
}
Event: 51.098 GC heap after
{Heap after GC invocations=55 (full 0):
 garbage-first heap   total 189440K, used 120026K [0x0000000080000000, 0x0000000100000000)
  region size 1024K, 6 young (6144K), 6 survivors (6144K)
 Metaspace       used 117881K, committed 120256K, reserved 1179648K
  class space    used 16231K, committed 17408K, reserved 1048576K
}
Event: 64.248 GC heap before
{Heap before GC invocations=56 (full 0):
 garbage-first heap   total 201728K, used 177370K [0x0000000080000000, 0x0000000100000000)
  region size 1024K, 56 young (57344K), 6 survivors (6144K)
 Metaspace       used 121032K, committed 123328K, reserved 1179648K
  class space    used 16550K, committed 17728K, reserved 1048576K
}
Event: 64.254 GC heap after
{Heap after GC invocations=57 (full 0):
 garbage-first heap   total 201728K, used 125301K [0x0000000080000000, 0x0000000100000000)
  region size 1024K, 5 young (5120K), 5 survivors (5120K)
 Metaspace       used 121032K, committed 123328K, reserved 1179648K
  class space    used 16550K, committed 17728K, reserved 1048576K
}
Event: 65.276 GC heap before
{Heap before GC invocations=57 (full 0):
 garbage-first heap   total 201728K, used 183669K [0x0000000080000000, 0x0000000100000000)
  region size 1024K, 63 young (64512K), 5 survivors (5120K)
 Metaspace       used 129294K, committed 131648K, reserved 1179648K
  class space    used 17706K, committed 18880K, reserved 1048576K
}
Event: 65.282 GC heap after
{Heap after GC invocations=58 (full 0):
 garbage-first heap   total 201728K, used 126551K [0x0000000080000000, 0x0000000100000000)
  region size 1024K, 3 young (3072K), 3 survivors (3072K)
 Metaspace       used 129294K, committed 131648K, reserved 1179648K
  class space    used 17706K, committed 18880K, reserved 1048576K
}
Event: 65.977 GC heap before
{Heap before GC invocations=58 (full 0):
 garbage-first heap   total 201728K, used 184919K [0x0000000080000000, 0x0000000100000000)
  region size 1024K, 61 young (62464K), 3 survivors (3072K)
 Metaspace       used 133621K, committed 136000K, reserved 1179648K
  class space    used 18316K, committed 19520K, reserved 1048576K
}
Event: 65.982 GC heap after
{Heap after GC invocations=59 (full 0):
 garbage-first heap   total 201728K, used 129073K [0x0000000080000000, 0x0000000100000000)
  region size 1024K, 5 young (5120K), 5 survivors (5120K)
 Metaspace       used 133621K, committed 136000K, reserved 1179648K
  class space    used 18316K, committed 19520K, reserved 1048576K
}
Event: 66.210 GC heap before
{Heap before GC invocations=60 (full 0):
 garbage-first heap   total 217088K, used 182321K [0x0000000080000000, 0x0000000100000000)
  region size 1024K, 58 young (59392K), 5 survivors (5120K)
 Metaspace       used 133758K, committed 136128K, reserved 1179648K
  class space    used 18321K, committed 19520K, reserved 1048576K
}
Event: 66.216 GC heap after
{Heap after GC invocations=61 (full 0):
 garbage-first heap   total 217088K, used 131479K [0x0000000080000000, 0x0000000100000000)
  region size 1024K, 6 young (6144K), 6 survivors (6144K)
 Metaspace       used 133758K, committed 136128K, reserved 1179648K
  class space    used 18321K, committed 19520K, reserved 1048576K
}
Event: 66.576 GC heap before
{Heap before GC invocations=61 (full 0):
 garbage-first heap   total 217088K, used 197015K [0x0000000080000000, 0x0000000100000000)
  region size 1024K, 70 young (71680K), 6 survivors (6144K)
 Metaspace       used 135343K, committed 137664K, reserved 1179648K
  class space    used 18582K, committed 19776K, reserved 1048576K
}
Event: 66.581 GC heap after
{Heap after GC invocations=62 (full 0):
 garbage-first heap   total 217088K, used 126817K [0x0000000080000000, 0x0000000100000000)
  region size 1024K, 1 young (1024K), 1 survivors (1024K)
 Metaspace       used 135343K, committed 137664K, reserved 1179648K
  class space    used 18582K, committed 19776K, reserved 1048576K
}
Event: 69.344 GC heap before
{Heap before GC invocations=62 (full 0):
 garbage-first heap   total 217088K, used 180065K [0x0000000080000000, 0x0000000100000000)
  region size 1024K, 55 young (56320K), 1 survivors (1024K)
 Metaspace       used 140179K, committed 142528K, reserved 1179648K
  class space    used 19274K, committed 20480K, reserved 1048576K
}
Event: 69.350 GC heap after
{Heap after GC invocations=63 (full 0):
 garbage-first heap   total 217088K, used 130154K [0x0000000080000000, 0x0000000100000000)
  region size 1024K, 5 young (5120K), 5 survivors (5120K)
 Metaspace       used 140179K, committed 142528K, reserved 1179648K
  class space    used 19274K, committed 20480K, reserved 1048576K
}

Dll operation events (3 events):
Event: 0.126 Loaded shared library D:\Installed\Android\Android Studio\jbr\bin\java.dll
Event: 0.190 Loaded shared library D:\Installed\Android\Android Studio\jbr\bin\zip.dll
Event: 5.800 Loaded shared library D:\Installed\Android\Android Studio\jbr\bin\verify.dll

Deoptimization events (20 events):
Event: 68.574 Thread 0x000001ad7a9082d0 DEOPT PACKING pc=0x000001ad560eb111 sp=0x0000000eda0fcfa0
Event: 68.574 Thread 0x000001ad7a9082d0 DEOPT UNPACKING pc=0x000001ad5cf24e42 sp=0x0000000eda0fc418 mode 0
Event: 68.579 Thread 0x000001ad7a9082d0 Uncommon trap: trap_request=0xffffff45 fr.pc=0x000001ad5dd7ef6c relative=0x00000000000009ec
Event: 68.579 Thread 0x000001ad7a9082d0 Uncommon trap: reason=unstable_if action=reinterpret pc=0x000001ad5dd7ef6c method=com.sun.crypto.provider.PBKDF2KeyImpl.deriveKey(Ljavax/crypto/Mac;[B[BII)[B @ 179 c2
Event: 68.579 Thread 0x000001ad7a9082d0 DEOPT PACKING pc=0x000001ad5dd7ef6c sp=0x0000000eda0fd230
Event: 68.579 Thread 0x000001ad7a9082d0 DEOPT UNPACKING pc=0x000001ad5cf246a2 sp=0x0000000eda0fd200 mode 2
Event: 68.629 Thread 0x000001ad7a9082d0 DEOPT PACKING pc=0x000001ad56b4f6cb sp=0x0000000eda0fd300
Event: 68.629 Thread 0x000001ad7a9082d0 DEOPT UNPACKING pc=0x000001ad5cf24e42 sp=0x0000000eda0fc7b0 mode 0
Event: 69.180 Thread 0x000001ad7378f730 Uncommon trap: trap_request=0xffffff3d fr.pc=0x000001ad5d65fe0c relative=0x000000000000006c
Event: 69.180 Thread 0x000001ad7378f730 Uncommon trap: reason=unstable_fused_if action=reinterpret pc=0x000001ad5d65fe0c method=java.lang.CharacterDataLatin1.equalsIgnoreCase(BB)Z @ 16 c2
Event: 69.180 Thread 0x000001ad7378f730 DEOPT PACKING pc=0x000001ad5d65fe0c sp=0x0000000ed9afea20
Event: 69.180 Thread 0x000001ad7378f730 DEOPT UNPACKING pc=0x000001ad5cf246a2 sp=0x0000000ed9afe9a0 mode 2
Event: 69.180 Thread 0x000001ad7378f730 Uncommon trap: trap_request=0xffffff45 fr.pc=0x000001ad5d80fd74 relative=0x0000000000000134
Event: 69.180 Thread 0x000001ad7378f730 Uncommon trap: reason=unstable_if action=reinterpret pc=0x000001ad5d80fd74 method=java.lang.ThreadLocal.get(Ljava/lang/Thread;)Ljava/lang/Object; @ 7 c2
Event: 69.180 Thread 0x000001ad7378f730 DEOPT PACKING pc=0x000001ad5d80fd74 sp=0x0000000ed9afdeb0
Event: 69.180 Thread 0x000001ad7378f730 DEOPT UNPACKING pc=0x000001ad5cf246a2 sp=0x0000000ed9afddd8 mode 2
Event: 69.681 Thread 0x000001ad73790450 Uncommon trap: trap_request=0xffffff45 fr.pc=0x000001ad5dd7c4ac relative=0x0000000000000a0c
Event: 69.681 Thread 0x000001ad73790450 Uncommon trap: reason=unstable_if action=reinterpret pc=0x000001ad5dd7c4ac method=sun.security.provider.SHA2.implReset()V @ 8 c2
Event: 69.681 Thread 0x000001ad73790450 DEOPT PACKING pc=0x000001ad5dd7c4ac sp=0x0000000eda3ff0f0
Event: 69.681 Thread 0x000001ad73790450 DEOPT UNPACKING pc=0x000001ad5cf246a2 sp=0x0000000eda3ff008 mode 2

Classes loaded (20 events):
Event: 69.179 Loading class java/util/concurrent/ForkJoinTask$AdaptedInterruptibleCallable
Event: 69.179 Loading class java/util/concurrent/ForkJoinTask$InterruptibleTask
Event: 69.180 Loading class java/util/concurrent/ForkJoinTask$InterruptibleTask done
Event: 69.180 Loading class java/util/concurrent/ForkJoinTask$AdaptedInterruptibleCallable done
Event: 69.180 Loading class java/util/concurrent/ForkJoinTask$Aux
Event: 69.180 Loading class java/util/concurrent/ForkJoinTask$Aux done
Event: 69.304 Loading class java/nio/BufferOverflowException
Event: 69.304 Loading class java/nio/BufferOverflowException done
Event: 69.306 Loading class java/security/DigestException
Event: 69.306 Loading class java/security/DigestException done
Event: 69.328 Loading class java/security/spec/InvalidKeySpecException
Event: 69.328 Loading class java/security/spec/InvalidKeySpecException done
Event: 69.330 Loading class java/security/InvalidAlgorithmParameterException
Event: 69.330 Loading class java/security/InvalidAlgorithmParameterException done
Event: 69.340 Loading class java/security/spec/MGF1ParameterSpec
Event: 69.341 Loading class java/security/spec/MGF1ParameterSpec done
Event: 69.343 Loading class java/util/concurrent/ForkJoinTask$AdaptedInterruptibleRunnable
Event: 69.343 Loading class java/util/concurrent/ForkJoinTask$AdaptedInterruptibleRunnable done
Event: 69.343 Loading class java/util/concurrent/CountedCompleter
Event: 69.344 Loading class java/util/concurrent/CountedCompleter done

Classes unloaded (0 events):
No events

Classes redefined (0 events):
No events

Internal exceptions (20 events):
Event: 66.489 Thread 0x000001ad7378bc20 Exception <a 'java/lang/NoSuchMethodError'{0x00000000893f6c70}: 'void java.lang.invoke.DirectMethodHandle$Holder.invokeSpecial(java.lang.Object, java.lang.Object, java.lang.Object, int, java.lang.Object, java.lang.Object, java.lang.Object, java.lang.Object)'> (0x00000000893f6c70) 
thrown [s\src\hotspot\share\interpreter\linkResolver.cpp, line 784]
Event: 66.513 Thread 0x000001ad7378bc20 Implicit null exception at 0x000001ad5dcf6a00 to 0x000001ad5dcf6b40
Event: 66.514 Thread 0x000001ad7378bc20 Exception <a 'java/lang/NoSuchMethodError'{0x000000008917d860}: 'void java.lang.invoke.DirectMethodHandle$Holder.invokeStatic(java.lang.Object, java.lang.Object, java.lang.Object, java.lang.Object, java.lang.Object, java.lang.Object, java.lang.Object, java.lang.Object)'> (0x000000008917d860) 
thrown [s\src\hotspot\share\interpreter\linkResolver.cpp, line 784]
Event: 66.594 Thread 0x000001ad7378bc20 Exception <a 'java/lang/IncompatibleClassChangeError'{0x000000008e41a398}: Found class java.lang.Object, but interface was expected> (0x000000008e41a398) 
thrown [s\src\hotspot\share\interpreter\linkResolver.cpp, line 851]
Event: 66.648 Thread 0x000001ad7378bc20 Exception <a 'sun/nio/fs/WindowsException'{0x000000008e176920}> (0x000000008e176920) 
thrown [s\src\hotspot\share\prims\jni.cpp, line 535]
Event: 67.067 Thread 0x000001ad7a902d80 Exception <a 'sun/nio/fs/WindowsException'{0x000000008dd68238}> (0x000000008dd68238) 
thrown [s\src\hotspot\share\prims\jni.cpp, line 535]
Event: 67.571 Thread 0x000001ad7a906f20 Exception <a 'java/lang/NoSuchMethodError'{0x000000008bf489b8}: 'long java.lang.invoke.DirectMethodHandle$Holder.invokeStatic(java.lang.Object, java.lang.Object, java.lang.Object)'> (0x000000008bf489b8) 
thrown [s\src\hotspot\share\interpreter\linkResolver.cpp, line 784]
Event: 67.605 Thread 0x000001ad7a906f20 Exception <a 'java/lang/NoSuchMethodError'{0x000000008bed6030}: 'void java.lang.invoke.DirectMethodHandle$Holder.invokeInterface(java.lang.Object, java.lang.Object, java.lang.Object, int)'> (0x000000008bed6030) 
thrown [s\src\hotspot\share\interpreter\linkResolver.cpp, line 784]
Event: 67.705 Thread 0x000001ad7a906f20 Exception <a 'sun/nio/fs/WindowsException'{0x000000008b80b990}> (0x000000008b80b990) 
thrown [s\src\hotspot\share\prims\jni.cpp, line 535]
Event: 68.301 Thread 0x000001ad73f2b3a0 Exception <a 'java/lang/NoSuchMethodError'{0x000000008aab9ec0}: static Lcom/android/build/api/variant/impl/SerializableApplicationMultiOutputHandler;.<clinit>()V> (0x000000008aab9ec0) 
thrown [s\src\hotspot\share\prims\jni.cpp, line 1135]
Event: 68.301 Thread 0x000001ad73f2b3a0 Exception <a 'java/lang/NoSuchMethodError'{0x000000008aacffa8}: static Lcom/android/build/api/variant/impl/VariantOutputImpl$SerializedForm;.<clinit>()V> (0x000000008aacffa8) 
thrown [s\src\hotspot\share\prims\jni.cpp, line 1135]
Event: 68.302 Thread 0x000001ad73f2b3a0 Exception <a 'java/lang/NoSuchMethodError'{0x000000008aae5170}: static Lcom/android/build/api/variant/impl/VariantOutputConfigurationImpl;.<clinit>()V> (0x000000008aae5170) 
thrown [s\src\hotspot\share\prims\jni.cpp, line 1135]
Event: 68.434 Thread 0x000001ad7a9082d0 Exception <a 'sun/nio/fs/WindowsException'{0x000000008a78fdd8}> (0x000000008a78fdd8) 
thrown [s\src\hotspot\share\prims\jni.cpp, line 535]
Event: 68.601 Thread 0x000001ad7a9082d0 Exception <a 'java/lang/NoSuchMethodError'{0x000000008a669ff0}: 'java.lang.Object java.lang.invoke.DirectMethodHandle$Holder.newInvokeSpecial(java.lang.Object, java.lang.Object, java.lang.Object, java.lang.Object, java.lang.Object, int, java.lang.Object)'> (0x000000008a669ff0) 
thrown [s\src\hotspot\share\interpreter\linkResolver.cpp, line 784]
Event: 68.602 Thread 0x000001ad7a9082d0 Exception <a 'java/lang/NoSuchMethodError'{0x000000008a671e18}: 'java.lang.Object java.lang.invoke.Invokers$Holder.linkToTargetMethod(java.lang.Object, java.lang.Object, java.lang.Object, java.lang.Object, int, java.lang.Object, java.lang.Object)'> (0x000000008a671e18) 
thrown [s\src\hotspot\share\interpreter\linkResolver.cpp, line 784]
Event: 68.615 Thread 0x000001ad7a9082d0 Exception <a 'java/lang/NoSuchMethodError'{0x000000008a504df0}: 'java.lang.Object java.lang.invoke.DirectMethodHandle$Holder.newInvokeSpecial(java.lang.Object, java.lang.Object, java.lang.Object, java.lang.Object, java.lang.Object, java.lang.Object, java.lang.Object, int)'> (0x000000008a504df0) 
thrown [s\src\hotspot\share\interpreter\linkResolver.cpp, line 784]
Event: 68.615 Thread 0x000001ad7a9082d0 Exception <a 'java/lang/NoSuchMethodError'{0x000000008a509808}: 'java.lang.Object java.lang.invoke.DirectMethodHandle$Holder.invokeSpecial(java.lang.Object, java.lang.Object, java.lang.Object, java.lang.Object, java.lang.Object, java.lang.Object, java.lang.Object, java.lang.Object, int)'> (0x000000008a509808) 
thrown [s\src\hotspot\share\interpreter\linkResolver.cpp, line 784]
Event: 68.615 Thread 0x000001ad7a9082d0 Exception <a 'java/lang/NoSuchMethodError'{0x000000008a50dca8}: 'java.lang.Object java.lang.invoke.Invokers$Holder.linkToTargetMethod(java.lang.Object, java.lang.Object, java.lang.Object, java.lang.Object, java.lang.Object, java.lang.Object, int, java.lang.Object)'> (0x000000008a50dca8) 
thrown [s\src\hotspot\share\interpreter\linkResolver.cpp, line 784]
Event: 69.180 Thread 0x000001ad7378f730 Implicit null exception at 0x000001ad5d80fc8b to 0x000001ad5d80fd5c
Event: 69.681 Thread 0x000001ad73790450 Implicit null exception at 0x000001ad5dd7bb8b to 0x000001ad5dd7c480

ZGC Phase Switch (0 events):
No events

VM Operations (20 events):
Event: 67.595 Executing VM operation: Cleanup
Event: 67.595 Executing VM operation: Cleanup done
Event: 67.686 Executing VM operation: ICBufferFull
Event: 67.686 Executing VM operation: ICBufferFull done
Event: 68.407 Executing VM operation: HandshakeAllThreads (Deoptimize)
Event: 68.407 Executing VM operation: HandshakeAllThreads (Deoptimize) done
Event: 68.435 Executing VM operation: HandshakeAllThreads (Deoptimize)
Event: 68.436 Executing VM operation: HandshakeAllThreads (Deoptimize) done
Event: 68.458 Executing VM operation: HandshakeAllThreads (Deoptimize)
Event: 68.458 Executing VM operation: HandshakeAllThreads (Deoptimize) done
Event: 68.481 Executing VM operation: HandshakeAllThreads (Deoptimize)
Event: 68.481 Executing VM operation: HandshakeAllThreads (Deoptimize) done
Event: 68.604 Executing VM operation: HandshakeAllThreads (Deoptimize)
Event: 68.604 Executing VM operation: HandshakeAllThreads (Deoptimize) done
Event: 69.344 Executing VM operation: G1TryInitiateConcMark (G1 Humongous Allocation)
Event: 69.350 Executing VM operation: G1TryInitiateConcMark (G1 Humongous Allocation) done
Event: 69.422 Executing VM operation: G1PauseRemark
Event: 69.428 Executing VM operation: G1PauseRemark done
Event: 69.475 Executing VM operation: G1PauseCleanup
Event: 69.475 Executing VM operation: G1PauseCleanup done

Memory protections (0 events):
No events

Nmethod flushes (20 events):
Event: 69.427 Thread 0x000001ad69f5db80 flushing  nmethod 0x000001ad57007a90
Event: 69.427 Thread 0x000001ad69f5db80 flushing  nmethod 0x000001ad57065e10
Event: 69.427 Thread 0x000001ad69f5db80 flushing  nmethod 0x000001ad57066590
Event: 69.427 Thread 0x000001ad69f5db80 flushing  nmethod 0x000001ad57066a10
Event: 69.427 Thread 0x000001ad69f5db80 flushing  nmethod 0x000001ad57066d90
Event: 69.427 Thread 0x000001ad69f5db80 flushing  nmethod 0x000001ad57068210
Event: 69.427 Thread 0x000001ad69f5db80 flushing  nmethod 0x000001ad57069010
Event: 69.427 Thread 0x000001ad69f5db80 flushing  nmethod 0x000001ad57069490
Event: 69.427 Thread 0x000001ad69f5db80 flushing  nmethod 0x000001ad57069e90
Event: 69.427 Thread 0x000001ad69f5db80 flushing  nmethod 0x000001ad5706a410
Event: 69.427 Thread 0x000001ad69f5db80 flushing  nmethod 0x000001ad5706a790
Event: 69.427 Thread 0x000001ad69f5db80 flushing  nmethod 0x000001ad570c0210
Event: 69.427 Thread 0x000001ad69f5db80 flushing  nmethod 0x000001ad570c0590
Event: 69.427 Thread 0x000001ad69f5db80 flushing  nmethod 0x000001ad570c3910
Event: 69.427 Thread 0x000001ad69f5db80 flushing  nmethod 0x000001ad570e3810
Event: 69.427 Thread 0x000001ad69f5db80 flushing  nmethod 0x000001ad570e5a90
Event: 69.427 Thread 0x000001ad69f5db80 flushing  nmethod 0x000001ad571bba90
Event: 69.427 Thread 0x000001ad69f5db80 flushing  nmethod 0x000001ad571bd010
Event: 69.427 Thread 0x000001ad69f5db80 flushing  nmethod 0x000001ad571bfa10
Event: 69.427 Thread 0x000001ad69f5db80 flushing  nmethod 0x000001ad571c1390

Events (20 events):
Event: 65.873 Thread 0x000001ad6a068ce0 Thread added: 0x000001ad73a6e4f0
Event: 67.065 Thread 0x000001ad73a6e4f0 Thread exited: 0x000001ad73a6e4f0
Event: 67.073 Thread 0x000001ad7a902d80 Thread added: 0x000001ad7378cfd0
Event: 67.482 Thread 0x000001ad73a6b540 Thread exited: 0x000001ad73a6b540
Event: 67.525 Thread 0x000001ad6a068ce0 Thread added: 0x000001ad6a06c380
Event: 67.615 Thread 0x000001ad6a06c380 Thread added: 0x000001ad73a6b540
Event: 67.878 Thread 0x000001ad73a6b540 Thread exited: 0x000001ad73a6b540
Event: 67.932 Thread 0x000001ad6a06c380 Thread exited: 0x000001ad6a06c380
Event: 68.215 Thread 0x000001ad6a06b5e0 Thread added: 0x000001ad73a6b540
Event: 68.531 Thread 0x000001ad6a068ce0 Thread added: 0x000001ad6a06c380
Event: 68.790 Thread 0x000001ad6a06c380 Thread exited: 0x000001ad6a06c380
Event: 68.816 Thread 0x000001ad73a6b540 Thread exited: 0x000001ad73a6b540
Event: 69.088 Thread 0x000001ad7a906890 Thread exited: 0x000001ad7a906890
Event: 69.180 Thread 0x000001ad7a9082d0 Thread added: 0x000001ad7378f730
Event: 69.343 Thread 0x000001ad7378f730 Thread added: 0x000001ad7378c2b0
Event: 69.350 Thread 0x000001ad7378c2b0 Thread added: 0x000001ad73790450
Event: 69.351 Thread 0x000001ad73790450 Thread added: 0x000001ad73789b50
Event: 69.351 Thread 0x000001ad73789b50 Thread added: 0x000001ad73791800
Event: 69.352 Thread 0x000001ad73791800 Thread added: 0x000001ad737945f0
Event: 69.352 Thread 0x000001ad737945f0 Thread added: 0x000001ad73793f60


Dynamic libraries:
0x00007ff778ce0000 - 0x00007ff778cea000 	D:\Installed\Android\Android Studio\jbr\bin\java.exe
0x00007fffcb3b0000 - 0x00007fffcb5c7000 	C:\WINDOWS\SYSTEM32\ntdll.dll
0x00007fffca2a0000 - 0x00007fffca364000 	C:\WINDOWS\System32\KERNEL32.DLL
0x00007fffc8af0000 - 0x00007fffc8ec2000 	C:\WINDOWS\System32\KERNELBASE.dll
0x00007fffc8550000 - 0x00007fffc8661000 	C:\WINDOWS\System32\ucrtbase.dll
0x00007fffbd000000 - 0x00007fffbd018000 	D:\Installed\Android\Android Studio\jbr\bin\jli.dll
0x00007fffcace0000 - 0x00007fffcae91000 	C:\WINDOWS\System32\USER32.dll
0x00007fffc8520000 - 0x00007fffc8546000 	C:\WINDOWS\System32\win32u.dll
0x00007fffcacb0000 - 0x00007fffcacd9000 	C:\WINDOWS\System32\GDI32.dll
0x00007fffb2aa0000 - 0x00007fffb2d3b000 	C:\WINDOWS\WinSxS\amd64_microsoft.windows.common-controls_6595b64144ccf1df_6.0.22621.5547_none_27104afb73855772\COMCTL32.dll
0x00007fffc89c0000 - 0x00007fffc8ae3000 	C:\WINDOWS\System32\gdi32full.dll
0x00007fffc86f0000 - 0x00007fffc878a000 	C:\WINDOWS\System32\msvcp_win.dll
0x00007fffc9900000 - 0x00007fffc99a7000 	C:\WINDOWS\System32\msvcrt.dll
0x00007fffbcc30000 - 0x00007fffbcc4b000 	D:\Installed\Android\Android Studio\jbr\bin\VCRUNTIME140.dll
0x00007fffcaea0000 - 0x00007fffcaed1000 	C:\WINDOWS\System32\IMM32.DLL
0x00007fffc3f90000 - 0x00007fffc3f9c000 	D:\Installed\Android\Android Studio\jbr\bin\vcruntime140_1.dll
0x00007fff8ff90000 - 0x00007fff9001d000 	D:\Installed\Android\Android Studio\jbr\bin\msvcp140.dll
0x00007fff1bc50000 - 0x00007fff1c8da000 	D:\Installed\Android\Android Studio\jbr\bin\server\jvm.dll
0x00007fffca3c0000 - 0x00007fffca471000 	C:\WINDOWS\System32\ADVAPI32.dll
0x00007fffca1f0000 - 0x00007fffca298000 	C:\WINDOWS\System32\sechost.dll
0x00007fffc88d0000 - 0x00007fffc88f8000 	C:\WINDOWS\System32\bcrypt.dll
0x00007fffc9ea0000 - 0x00007fffc9fb4000 	C:\WINDOWS\System32\RPCRT4.dll
0x00007fffcb290000 - 0x00007fffcb301000 	C:\WINDOWS\System32\WS2_32.dll
0x00007fffc7d10000 - 0x00007fffc7d5d000 	C:\WINDOWS\SYSTEM32\POWRPROF.dll
0x00007fffc09e0000 - 0x00007fffc09ea000 	C:\WINDOWS\SYSTEM32\VERSION.dll
0x00007fffc2ff0000 - 0x00007fffc3024000 	C:\WINDOWS\SYSTEM32\WINMM.dll
0x00007fffc7cd0000 - 0x00007fffc7ce3000 	C:\WINDOWS\SYSTEM32\UMPDC.dll
0x00007fffc7490000 - 0x00007fffc74a8000 	C:\WINDOWS\SYSTEM32\kernel.appcore.dll
0x00007fffc3f60000 - 0x00007fffc3f6a000 	D:\Installed\Android\Android Studio\jbr\bin\jimage.dll
0x00007fffc5c30000 - 0x00007fffc5e63000 	C:\WINDOWS\SYSTEM32\DBGHELP.DLL
0x00007fffcaef0000 - 0x00007fffcb283000 	C:\WINDOWS\System32\combase.dll
0x00007fffca040000 - 0x00007fffca117000 	C:\WINDOWS\System32\OLEAUT32.dll
0x00007fff9d670000 - 0x00007fff9d6a2000 	C:\WINDOWS\SYSTEM32\dbgcore.DLL
0x00007fffc84a0000 - 0x00007fffc851b000 	C:\WINDOWS\System32\bcryptPrimitives.dll
0x00007fffbcff0000 - 0x00007fffbcffe000 	D:\Installed\Android\Android Studio\jbr\bin\instrument.dll
0x00007fffbc240000 - 0x00007fffbc260000 	D:\Installed\Android\Android Studio\jbr\bin\java.dll
0x00007fffbbf00000 - 0x00007fffbbf18000 	D:\Installed\Android\Android Studio\jbr\bin\zip.dll
0x00007fffc9040000 - 0x00007fffc98e2000 	C:\WINDOWS\System32\SHELL32.dll
0x00007fffc8790000 - 0x00007fffc88cf000 	C:\WINDOWS\System32\wintypes.dll
0x00007fffc6380000 - 0x00007fffc6c9d000 	C:\WINDOWS\SYSTEM32\windows.storage.dll
0x00007fffca590000 - 0x00007fffca69c000 	C:\WINDOWS\System32\SHCORE.dll
0x00007fffc99b0000 - 0x00007fffc9a19000 	C:\WINDOWS\System32\shlwapi.dll
0x00007fffc83d0000 - 0x00007fffc83fb000 	C:\WINDOWS\SYSTEM32\profapi.dll
0x00007fffc3b20000 - 0x00007fffc3b30000 	D:\Installed\Android\Android Studio\jbr\bin\net.dll
0x00007fffc18a0000 - 0x00007fffc19cc000 	C:\WINDOWS\SYSTEM32\WINHTTP.dll
0x00007fffc7910000 - 0x00007fffc7979000 	C:\WINDOWS\system32\mswsock.dll
0x00007fffb9470000 - 0x00007fffb9486000 	D:\Installed\Android\Android Studio\jbr\bin\nio.dll
0x00007fffc05d0000 - 0x00007fffc05e0000 	D:\Installed\Android\Android Studio\jbr\bin\verify.dll
0x00007fff95180000 - 0x00007fff951a7000 	D:\Installed\Android\.gradle\native\c067742578af261105cb4f569cf0c3c89f3d7b1fecec35dd04571415982c5e48\windows-amd64\native-platform.dll
0x00007fff753b0000 - 0x00007fff754f4000 	D:\Installed\Android\.gradle\native\100fb08df4bc3b14c8652ba06237920a3bd2aa13389f12d3474272988ae205f9\windows-amd64\native-platform-file-events.dll
0x00007fffc1ec0000 - 0x00007fffc1ec9000 	D:\Installed\Android\Android Studio\jbr\bin\management.dll
0x00007fffc07a0000 - 0x00007fffc07ab000 	D:\Installed\Android\Android Studio\jbr\bin\management_ext.dll
0x00007fffcab00000 - 0x00007fffcab08000 	C:\WINDOWS\System32\PSAPI.DLL
0x00007fffc7bb0000 - 0x00007fffc7bcb000 	C:\WINDOWS\SYSTEM32\CRYPTSP.dll
0x00007fffc73f0000 - 0x00007fffc7427000 	C:\WINDOWS\system32\rsaenh.dll
0x00007fffc7a40000 - 0x00007fffc7a68000 	C:\WINDOWS\SYSTEM32\USERENV.dll
0x00007fffc7ba0000 - 0x00007fffc7bac000 	C:\WINDOWS\SYSTEM32\CRYPTBASE.dll
0x00007fffc6f00000 - 0x00007fffc6f2d000 	C:\WINDOWS\SYSTEM32\IPHLPAPI.DLL
0x00007fffca730000 - 0x00007fffca739000 	C:\WINDOWS\System32\NSI.dll
0x00007fffc2fe0000 - 0x00007fffc2fe9000 	D:\Installed\Android\Android Studio\jbr\bin\extnet.dll
0x00007fffafe60000 - 0x00007fffafe68000 	C:\WINDOWS\system32\wshunix.dll
0x00007fff9c570000 - 0x00007fff9c587000 	C:\WINDOWS\system32\napinsp.dll
0x00007fff9b260000 - 0x00007fff9b27b000 	C:\WINDOWS\system32\pnrpnsp.dll
0x00007fffc6f70000 - 0x00007fffc7068000 	C:\WINDOWS\SYSTEM32\DNSAPI.dll
0x00007fff9b190000 - 0x00007fff9b1a1000 	C:\WINDOWS\System32\winrnr.dll
0x00007fff8e6a0000 - 0x00007fff8e6bf000 	C:\WINDOWS\system32\wshbth.dll
0x00007fff92250000 - 0x00007fff92271000 	C:\WINDOWS\system32\nlansp_c.dll
0x00007fffb3690000 - 0x00007fffb369a000 	C:\Windows\System32\rasadhlp.dll
0x00007fffc0f80000 - 0x00007fffc1004000 	C:\WINDOWS\System32\fwpuclnt.dll
0x00007fffbcc10000 - 0x00007fffbcc17000 	D:\Installed\Android\Android Studio\jbr\bin\rmi.dll
0x00007fffc75a0000 - 0x00007fffc75d4000 	C:\WINDOWS\SYSTEM32\ntmarta.dll

dbghelp: loaded successfully - version: 4.0.5 - missing functions: none
symbol engine: initialized successfully - sym options: 0x614 - pdb path: .;D:\Installed\Android\Android Studio\jbr\bin;C:\WINDOWS\SYSTEM32;C:\WINDOWS\WinSxS\amd64_microsoft.windows.common-controls_6595b64144ccf1df_6.0.22621.5547_none_27104afb73855772;D:\Installed\Android\Android Studio\jbr\bin\server;D:\Installed\Android\.gradle\native\c067742578af261105cb4f569cf0c3c89f3d7b1fecec35dd04571415982c5e48\windows-amd64;D:\Installed\Android\.gradle\native\100fb08df4bc3b14c8652ba06237920a3bd2aa13389f12d3474272988ae205f9\windows-amd64

VM Arguments:
jvm_args: --add-opens=java.base/java.lang=ALL-UNNAMED --add-opens=java.base/java.lang.invoke=ALL-UNNAMED --add-opens=java.base/java.util=ALL-UNNAMED --add-opens=java.prefs/java.util.prefs=ALL-UNNAMED --add-exports=jdk.compiler/com.sun.tools.javac.api=ALL-UNNAMED --add-exports=jdk.compiler/com.sun.tools.javac.util=ALL-UNNAMED --add-opens=java.base/java.util=ALL-UNNAMED --add-opens=java.prefs/java.util.prefs=ALL-UNNAMED --add-opens=java.base/java.nio.charset=ALL-UNNAMED --add-opens=java.base/java.net=ALL-UNNAMED --add-opens=java.base/java.util.concurrent.atomic=ALL-UNNAMED --add-opens=java.xml/javax.xml.namespace=ALL-UNNAMED -Xmx2048m -Dfile.encoding=UTF-8 -Duser.country=US -Duser.language=en -Duser.variant -javaagent:D:\Installed\Android\.gradle\wrapper\dists\gradle-8.11.1-bin\bpt9gzteqjrbo1mjrsomdt32c\gradle-8.11.1\lib\agents\gradle-instrumentation-agent-8.11.1.jar 
java_command: org.gradle.launcher.daemon.bootstrap.GradleDaemon 8.11.1
java_class_path (initial): D:\Installed\Android\.gradle\wrapper\dists\gradle-8.11.1-bin\bpt9gzteqjrbo1mjrsomdt32c\gradle-8.11.1\lib\gradle-daemon-main-8.11.1.jar
Launcher Type: SUN_STANDARD

[Global flags]
     intx CICompilerCount                          = 4                                         {product} {ergonomic}
     uint ConcGCThreads                            = 2                                         {product} {ergonomic}
     uint G1ConcRefinementThreads                  = 8                                         {product} {ergonomic}
   size_t G1HeapRegionSize                         = 1048576                                   {product} {ergonomic}
    uintx GCDrainStackTargetSize                   = 64                                        {product} {ergonomic}
   size_t InitialHeapSize                          = 266338304                                 {product} {ergonomic}
   size_t MarkStackSize                            = 4194304                                   {product} {ergonomic}
   size_t MaxHeapSize                              = 2147483648                                {product} {command line}
   size_t MaxNewSize                               = 1287651328                                {product} {ergonomic}
   size_t MinHeapDeltaBytes                        = 1048576                                   {product} {ergonomic}
   size_t MinHeapSize                              = 8388608                                   {product} {ergonomic}
    uintx NonNMethodCodeHeapSize                   = 5839372                                {pd product} {ergonomic}
    uintx NonProfiledCodeHeapSize                  = 122909434                              {pd product} {ergonomic}
    uintx ProfiledCodeHeapSize                     = 122909434                              {pd product} {ergonomic}
    uintx ReservedCodeCacheSize                    = 251658240                              {pd product} {ergonomic}
     bool SegmentedCodeCache                       = true                                      {product} {ergonomic}
   size_t SoftMaxHeapSize                          = 2147483648                             {manageable} {ergonomic}
     bool UseCompressedOops                        = true                           {product lp64_product} {ergonomic}
     bool UseG1GC                                  = true                                      {product} {ergonomic}
     bool UseLargePagesIndividualAllocation        = false                                  {pd product} {ergonomic}

Logging:
Log output configuration:
 #0: stdout all=warning uptime,level,tags foldmultilines=false
 #1: stderr all=off uptime,level,tags foldmultilines=false

Environment Variables:
PATH=C:\Users\ronal\AppData\Local\Programs\Python\Python38\Scripts\;C:\Users\ronal\AppData\Local\Programs\Python\Python38\;C:\Program Files\Oculus\Support\oculus-runtime;C:\Program Files (x86)\Common Files\Intel\Shared Libraries\redist\intel64\compiler;C:\WINDOWS\system32;C:\WINDOWS;C:\WINDOWS\System32\Wbem;C:\WINDOWS\System32\WindowsPowerShell\v1.0\;C:\WINDOWS\System32\OpenSSH\;C:\Program Files\MATLAB\R2024a\bin;C:\Program Files (x86)\NVIDIA Corporation\PhysX\Common;C:\ProgramData\chocolatey\bin;C:\Program Files\usbipd-win\;D:\Git\cmd;C:\Program Files\NVIDIA Corporation\NVIDIA App\NvDLISR;C:\Users\ronal\.pyenv\pyenv-win\bin;C:\Users\ronal\.pyenv\pyenv-win\shims;C:\Program Files\Oculus\Support\oculus-runtime;C:\Program Files (x86)\Common Files\Intel\Shared Libraries\redist\intel64\compiler;C:\WINDOWS\system32;C:\WINDOWS;C:\WINDOWS\System32\Wbem;C:\WINDOWS\System32\WindowsPowerShell\v1.0\;C:\WINDOWS\System32\OpenSSH\;C:\Program Files\MATLAB\R2024a\bin;C:\Program Files (x86)\NVIDIA Corporation\PhysX\Common;C:\Program Files\Git\cmd;C:\ProgramData\chocolatey\bin;C:\Program Files\nodejs\;C:\Program Files\usbipd-win\;C:\Program Files\Oculus\Support\oculus-runtime;C:\Program Files (x86)\Common Files\Intel\Shared Libraries\redist\intel64\compiler;C:\WINDOWS\system32;C:\WINDOWS;C:\WINDOWS\System32\Wbem;C:\WINDOWS\System32\WindowsPowerShell\v1.0\;C:\WINDOWS\System32\OpenSSH\;C:\Program Files\MATLAB\R2024a\bin;C:\Program Files (x86)\NVIDIA Corporation\PhysX\Common;C:\Program Files\Git\cmd;C:\ProgramData\chocolatey\bin;C:\Program Files\nodejs\;C:\Program Files\usbipd-win\;C:\Users\ronal\.local\bin;C:\Users;D:\gstreamer\1.0\msvc_x86_64\bin;C:\Program Files (x86)\Nmap;D:\Installed\Conda\Scripts;C:\Users\ronal\AppData\Local\Programs\cursor\resources\app\bin;D:\Installed\Android\Sdk\platform-tools;C:\Users\ronal\AppData\Local\Python\bin
USERNAME=ronal
OS=Windows_NT
PROCESSOR_IDENTIFIER=Intel64 Family 6 Model 158 Stepping 10, GenuineIntel
TMP=C:\Users\ronal\AppData\Local\Temp
TEMP=C:\Users\ronal\AppData\Local\Temp




Periodic native trim disabled

JNI global refs:
JNI global refs: 28, weak refs: 0

JNI global refs memory usage: 835, weak refs: 833

Process memory usage:
Resident Set Size: 609720K (3% of 16645236K total physical memory with 2482740K free physical memory)

OOME stack traces (most recent first):
Classloader memory used:
Loader org.gradle.internal.classloader.VisitableURLClassLoader$InstrumentingVisitableURLClassLoader: 51756K
Loader org.gradle.internal.classloader.VisitableURLClassLoader                         : 43807K
Loader bootstrap                                                                       : 31156K
Loader org.gradle.initialization.MixInLegacyTypesClassLoader                           : 11793K
Loader jdk.internal.reflect.DelegatingClassLoader                                      : 703K
Loader jdk.internal.loader.ClassLoaders$PlatformClassLoader                            : 507K
Loader jdk.internal.loader.ClassLoaders$AppClassLoader                                 : 234K
Loader org.gradle.internal.classloader.VisitableURLClassLoader                         : 226K

Classes loaded by more than one classloader:
Class Program                                                                         : loaded 5 times (x 68B)
Class Build_gradle                                                                    : loaded 3 times (x 126B)
Class Build_gradle$1                                                                  : loaded 3 times (x 71B)
Class org.gradle.internal.classloader.FilteringClassLoader                            : loaded 2 times (x 101B)
Class com.google.common.collect.SortedSetMultimap                                     : loaded 2 times (x 66B)
Class [Lcom.google.common.base.AbstractIterator$State;                                : loaded 2 times (x 65B)
Class com.google.common.base.CharMatcher$IsEither                                     : loaded 2 times (x 107B)
Class org.gradle.internal.classloader.ClassLoaderHierarchy                            : loaded 2 times (x 66B)
Class com.google.common.collect.AbstractMapBasedMultimap$WrappedCollection            : loaded 2 times (x 120B)
Class com.google.common.collect.ImmutableEnumSet                                      : loaded 2 times (x 142B)
Class com.google.common.util.concurrent.ExecutionError                                : loaded 2 times (x 78B)
Class com.google.common.collect.ImmutableList$1                                       : loaded 2 times (x 93B)
Class org.gradle.api.internal.classpath.ManifestUtil                                  : loaded 2 times (x 67B)
Class com.google.common.io.ByteArrayDataOutput                                        : loaded 2 times (x 66B)
Class com.google.common.collect.RegularImmutableMap                                   : loaded 2 times (x 117B)
Class com.google.common.collect.ImmutableMap$MapViewOfValuesAsSingletonSets           : loaded 2 times (x 121B)
Class [Lorg.objectweb.asm.Symbol;                                                     : loaded 2 times (x 65B)
Class org.objectweb.asm.ClassVisitor                                                  : loaded 2 times (x 84B)
Class com.google.common.collect.UnmodifiableListIterator                              : loaded 2 times (x 91B)
Class com.google.common.base.Platform$JdkPatternCompiler                              : loaded 2 times (x 71B)
Class org.objectweb.asm.MethodTooLargeException                                       : loaded 2 times (x 79B)
Class [Lcom.google.common.cache.CacheBuilder$OneWeigher;                              : loaded 2 times (x 65B)
Class com.google.common.base.Suppliers                                                : loaded 2 times (x 67B)
Class org.gradle.internal.classloader.DefaultClassLoaderFactory                       : loaded 2 times (x 78B)
Class [Lcom.google.common.collect.AbstractIterator$State;                             : loaded 2 times (x 65B)
Class com.google.common.base.CharMatcher$None                                         : loaded 2 times (x 108B)
Class org.gradle.internal.classloader.ClassLoaderVisitor                              : loaded 2 times (x 72B)
Class [Lcom.google.common.collect.ImmutableMapEntry;                                  : loaded 2 times (x 65B)
Class org.gradle.api.internal.classpath.EffectiveClassPath                            : loaded 2 times (x 86B)
Class com.google.common.collect.AbstractIterator$1                                    : loaded 2 times (x 67B)
Class com.google.common.collect.ImmutableRangeSet                                     : loaded 2 times (x 111B)
Class com.google.common.collect.ImmutableEnumMap                                      : loaded 2 times (x 121B)
Class com.google.common.collect.ListMultimap                                          : loaded 2 times (x 66B)
Class com.google.common.collect.ImmutableSet$SerializedForm                           : loaded 2 times (x 69B)
Class com.google.common.collect.Sets$1                                                : loaded 2 times (x 135B)
Class org.objectweb.asm.AnnotationVisitor                                             : loaded 2 times (x 74B)
Class com.google.common.base.Splitter                                                 : loaded 2 times (x 68B)
Class org.gradle.api.internal.DefaultClassPathProvider                                : loaded 2 times (x 72B)
Class com.google.common.collect.Maps$ViewCachingAbstractMap                           : loaded 2 times (x 121B)
Class [Lcom.google.common.base.Function;                                              : loaded 2 times (x 65B)
Class com.google.common.collect.Sets$2                                                : loaded 2 times (x 135B)
Class [Lorg.gradle.api.internal.ClassPathProvider;                                    : loaded 2 times (x 65B)
Class org.gradle.api.internal.ClassPathProvider                                       : loaded 2 times (x 66B)
Class [Lorg.objectweb.asm.AnnotationVisitor;                                          : loaded 2 times (x 65B)
Class com.google.common.collect.Sets$3                                                : loaded 2 times (x 135B)
Class com.google.common.util.concurrent.AbstractFuture$SafeAtomicHelper               : loaded 2 times (x 75B)
Class com.google.common.cache.LocalCache$LocalLoadingCache                            : loaded 2 times (x 130B)
Class com.google.common.base.AbstractIterator$State                                   : loaded 2 times (x 75B)
Class org.gradle.internal.service.UnknownServiceException                             : loaded 2 times (x 79B)
Class com.google.common.io.ByteArrayDataInput                                         : loaded 2 times (x 66B)
Class com.google.common.collect.Sets$4                                                : loaded 2 times (x 135B)
Class org.objectweb.asm.ModuleVisitor                                                 : loaded 2 times (x 77B)
Class com.google.common.cache.LocalCache$Strength$1                                   : loaded 2 times (x 77B)
Class com.google.common.collect.Collections2$FilteredCollection                       : loaded 2 times (x 115B)
Class com.google.common.util.concurrent.SettableFuture                                : loaded 2 times (x 110B)
Class com.google.common.cache.LocalCache$Strength$2                                   : loaded 2 times (x 77B)
Class com.google.common.collect.TransformedIterator                                   : loaded 2 times (x 76B)
Class [Lcom.google.common.collect.Maps$EntryFunction;                                 : loaded 2 times (x 65B)
Class com.google.common.io.ByteStreams                                                : loaded 2 times (x 67B)
Class com.google.common.cache.LocalCache$Strength$3                                   : loaded 2 times (x 77B)
Class com.google.common.collect.MapDifference                                         : loaded 2 times (x 66B)
Class com.google.common.base.Splitter$1                                               : loaded 2 times (x 73B)
Class org.objectweb.asm.FieldWriter                                                   : loaded 2 times (x 74B)
Class com.google.common.cache.CacheBuilder$NullListener                               : loaded 2 times (x 78B)
Class org.gradle.internal.classpath.TransformedClassPath                              : loaded 2 times (x 92B)
Class org.gradle.internal.classloader.InstrumentingClassLoader                        : loaded 2 times (x 66B)
Class com.google.common.collect.Maps$IteratorBasedAbstractMap$1                       : loaded 2 times (x 134B)
Class com.google.common.collect.ImmutableRangeSet$AsSet                               : loaded 2 times (x 295B)
Class com.google.common.cache.CacheLoader$FunctionToCacheLoader                       : loaded 2 times (x 71B)
Class com.google.common.collect.Iterators$ArrayItr                                    : loaded 2 times (x 93B)
Class com.google.common.collect.ImmutableCollection$Builder                           : loaded 2 times (x 72B)
Class com.google.common.base.Joiner                                                   : loaded 2 times (x 75B)
Class com.google.common.base.MoreObjects                                              : loaded 2 times (x 67B)
Class [Lorg.objectweb.asm.Attribute;                                                  : loaded 2 times (x 65B)
Class [Lorg.objectweb.asm.Type;                                                       : loaded 2 times (x 65B)
Class com.google.common.collect.Platform                                              : loaded 2 times (x 67B)
Class com.google.common.collect.UnmodifiableIterator                                  : loaded 2 times (x 76B)
Class org.gradle.internal.service.ServiceLocator                                      : loaded 2 times (x 66B)
Class com.google.common.base.Ascii                                                    : loaded 2 times (x 67B)
Class com.google.common.collect.SingletonImmutableBiMap                               : loaded 2 times (x 139B)
Class com.google.common.cache.LocalCache$1                                            : loaded 2 times (x 85B)
Class com.google.common.collect.AbstractMapEntry                                      : loaded 2 times (x 77B)
Class com.google.common.collect.AbstractSetMultimap                                   : loaded 2 times (x 170B)
Class com.google.common.collect.Sets$ImprovedAbstractSet                              : loaded 2 times (x 131B)
Class com.google.common.collect.ImmutableList$Builder                                 : loaded 2 times (x 73B)
Class com.google.common.cache.LocalCache$2                                            : loaded 2 times (x 138B)
Class com.google.common.collect.AbstractMultimap                                      : loaded 2 times (x 119B)
Class com.google.common.collect.ImmutableRangeSet$1                                   : loaded 2 times (x 205B)
Class com.google.common.util.concurrent.AbstractFuture$UnsafeAtomicHelper$1           : loaded 2 times (x 72B)
Class com.google.common.collect.RegularImmutableAsList                                : loaded 2 times (x 212B)
Class com.google.common.base.Optional                                                 : loaded 2 times (x 76B)
Class com.google.common.collect.Range                                                 : loaded 2 times (x 83B)
Class com.google.common.util.concurrent.AbstractFuture$Trusted                        : loaded 2 times (x 66B)
Class com.google.common.collect.Iterators                                             : loaded 2 times (x 67B)
Class com.google.common.base.CharMatcher$RangesMatcher                                : loaded 2 times (x 108B)
Class com.google.common.util.concurrent.UncheckedExecutionException                   : loaded 2 times (x 78B)
Class com.google.common.collect.Lists$StringAsImmutableList                           : loaded 2 times (x 203B)
Class org.gradle.kotlin.dsl.VersionCatalogAccessorsKt                                 : loaded 2 times (x 67B)
Class com.google.common.collect.ImmutableSortedSetFauxverideShim                      : loaded 2 times (x 143B)
Class com.google.common.base.CharMatcher$JavaLetterOrDigit                            : loaded 2 times (x 107B)
Class org.gradle.internal.InternalTransformer                                         : loaded 2 times (x 66B)
Class com.google.common.collect.AbstractMapBasedMultimap$KeySet$1                     : loaded 2 times (x 78B)
Class org.objectweb.asm.ClassWriter                                                   : loaded 2 times (x 102B)
Class com.google.common.cache.CacheLoader$UnsupportedLoadingOperationException        : loaded 2 times (x 78B)
Class com.google.common.base.CharMatcher$And                                          : loaded 2 times (x 108B)
Class org.gradle.internal.classloader.ClasspathUtil$1                                 : loaded 2 times (x 72B)
Class com.google.common.collect.FluentIterable$1                                      : loaded 2 times (x 77B)
Class com.google.common.base.Objects                                                  : loaded 2 times (x 67B)
Class org.objectweb.asm.FieldVisitor                                                  : loaded 2 times (x 73B)
Class com.google.common.collect.IndexedImmutableSet                                   : loaded 2 times (x 146B)
Class com.google.common.collect.ImmutableMap$1                                        : loaded 2 times (x 77B)
Class com.google.common.collect.BiMap                                                 : loaded 2 times (x 66B)
Class org.gradle.api.internal.classpath.DefaultModuleRegistry$DefaultModule           : loaded 2 times (x 82B)
Class com.google.common.collect.FluentIterable$2                                      : loaded 2 times (x 77B)
Class com.google.common.base.Absent                                                   : loaded 2 times (x 76B)
Class com.google.common.collect.RegularImmutableMap$KeySet                            : loaded 2 times (x 146B)
Class com.google.common.collect.AbstractIterator                                      : loaded 2 times (x 78B)
Class com.google.common.collect.FluentIterable$3                                      : loaded 2 times (x 77B)
Class com.google.common.math.MathPreconditions                                        : loaded 2 times (x 67B)
Class com.google.common.collect.Multiset                                              : loaded 2 times (x 66B)
Class com.google.common.collect.ArrayListMultimapGwtSerializationDependencies         : loaded 2 times (x 168B)
Class com.google.common.collect.ObjectArrays                                          : loaded 2 times (x 67B)
Class com.google.common.collect.AbstractIndexedListIterator                           : loaded 2 times (x 92B)
Class com.google.common.collect.ImmutableMapEntrySet                                  : loaded 2 times (x 147B)
Class org.gradle.api.internal.classpath.Module                                        : loaded 2 times (x 66B)
Class com.google.common.cache.Weigher                                                 : loaded 2 times (x 66B)
Class org.gradle.api.internal.classpath.UnknownModuleException                        : loaded 2 times (x 78B)
Class com.google.common.base.Stopwatch                                                : loaded 2 times (x 68B)
Class com.google.common.cache.LocalCache$Strength                                     : loaded 2 times (x 77B)
Class com.google.common.cache.Cache                                                   : loaded 2 times (x 66B)
Class com.google.common.util.concurrent.AbstractFuture$Cancellation                   : loaded 2 times (x 68B)
Class com.google.common.collect.ImmutableMap$Builder                                  : loaded 2 times (x 78B)
Class com.google.common.base.NullnessCasts                                            : loaded 2 times (x 67B)
Class com.google.common.collect.Maps$EntryFunction$1                                  : loaded 2 times (x 87B)
Class com.google.common.base.Present                                                  : loaded 2 times (x 77B)
Class com.google.common.collect.AbstractMapBasedMultimap$WrappedCollection$WrappedIterator: loaded 2 times (x 80B)
Class com.google.common.cache.RemovalListener                                         : loaded 2 times (x 66B)
Class org.gradle.api.internal.DefaultClassPathRegistry                                : loaded 2 times (x 72B)
Class com.google.common.collect.Maps$EntryFunction$2                                  : loaded 2 times (x 87B)
Class com.google.common.primitives.IntsMethodsForWeb                                  : loaded 2 times (x 67B)
Class com.google.common.collect.Multimap                                              : loaded 2 times (x 66B)
Class org.gradle.api.internal.ClassPathRegistry                                       : loaded 2 times (x 66B)
Class org.gradle.internal.classpath.DefaultClassPath$ImmutableUniqueList              : loaded 2 times (x 195B)
Class com.google.common.base.ExtraObjectsMethodsForWeb                                : loaded 2 times (x 67B)
Class com.google.common.base.Equivalence$Identity                                     : loaded 2 times (x 78B)
Class com.google.common.cache.CacheBuilder                                            : loaded 2 times (x 68B)
Class com.google.common.collect.SingletonImmutableList                                : loaded 2 times (x 203B)
Class Settings_gradle$1                                                               : loaded 2 times (x 70B)
Class org.gradle.internal.classpath.ClassPath                                         : loaded 2 times (x 66B)
Class org.gradle.api.UncheckedIOException                                             : loaded 2 times (x 78B)
Class com.google.common.collect.ImmutableList$ReverseImmutableList                    : loaded 2 times (x 204B)
Class com.google.common.base.JdkPattern                                               : loaded 2 times (x 71B)
Class org.objectweb.asm.SymbolTable$Entry                                             : loaded 2 times (x 70B)
Class com.google.common.util.concurrent.AbstractFuture$AtomicHelper                   : loaded 2 times (x 74B)
Class org.objectweb.asm.Edge                                                          : loaded 2 times (x 68B)
Class com.google.common.base.Suppliers$SupplierOfInstance                             : loaded 2 times (x 75B)
Class com.google.common.collect.Iterators$1                                           : loaded 2 times (x 77B)
Class com.google.common.cache.LocalCache$ComputingValueReference                      : loaded 2 times (x 92B)
Class com.google.common.collect.SingletonImmutableSet                                 : loaded 2 times (x 142B)
Class com.google.common.collect.ImmutableMap$IteratorBasedImmutableMap                : loaded 2 times (x 121B)
Class com.google.common.cache.LocalCache$Segment                                      : loaded 2 times (x 150B)
Class com.google.common.collect.SortedIterable                                        : loaded 2 times (x 66B)
Class [Lorg.objectweb.asm.SymbolTable$Entry;                                          : loaded 2 times (x 65B)
Class com.google.common.cache.CacheLoader                                             : loaded 2 times (x 70B)
Class com.google.common.collect.Iterators$4                                           : loaded 2 times (x 78B)
Class com.google.common.collect.ImmutableBiMap                                        : loaded 2 times (x 139B)
Class com.google.common.collect.AbstractListMultimap                                  : loaded 2 times (x 168B)
Class org.gradle.internal.installation.GradleInstallation$1                           : loaded 2 times (x 71B)
Class org.gradle.api.internal.classpath.ModuleRegistry                                : loaded 2 times (x 66B)
Class com.google.common.util.concurrent.internal.InternalFutureFailureAccess          : loaded 2 times (x 68B)
Class com.google.common.collect.Iterators$5                                           : loaded 2 times (x 78B)
Class com.google.common.collect.ImmutableSet$JdkBackedSetBuilderImpl                  : loaded 2 times (x 72B)
Class com.google.common.base.Splitter$SplittingIterator                               : loaded 2 times (x 80B)
Class com.google.common.collect.Iterators$6                                           : loaded 2 times (x 77B)
Class com.google.common.io.Closer$SuppressingSuppressor                               : loaded 2 times (x 71B)
Class com.google.common.util.concurrent.AbstractFuture$UnsafeAtomicHelper             : loaded 2 times (x 74B)
Class com.google.common.cache.LocalCache$LocalManualCache$1                           : loaded 2 times (x 71B)
Class com.google.common.base.CharMatcher$ForPredicate                                 : loaded 2 times (x 108B)
Class com.google.common.collect.Multimaps$CustomSetMultimap                           : loaded 2 times (x 174B)
Class com.google.common.collect.ImmutableCollection                                   : loaded 2 times (x 121B)
Class com.google.common.base.CharMatcher$AnyOf                                        : loaded 2 times (x 108B)
Class org.gradle.api.internal.classpath.DefaultModuleRegistry                         : loaded 2 times (x 82B)
Class com.google.common.util.concurrent.ListenableFuture                              : loaded 2 times (x 66B)
Class com.google.common.cache.ReferenceEntry                                          : loaded 2 times (x 66B)
Class com.google.common.collect.ImmutableSet$CachingAsList                            : loaded 2 times (x 143B)
Class com.google.common.base.Converter                                                : loaded 2 times (x 86B)
Class com.google.common.collect.Lists                                                 : loaded 2 times (x 67B)
Class com.google.common.base.CharMatcher$Any                                          : loaded 2 times (x 108B)
Class com.google.common.util.concurrent.AbstractFuture                                : loaded 2 times (x 102B)
Class com.google.common.base.FunctionalEquivalence                                    : loaded 2 times (x 79B)
Class com.google.common.collect.Iterators$9                                           : loaded 2 times (x 77B)
Class com.google.common.collect.AbstractMapBasedMultimap                              : loaded 2 times (x 135B)
Class com.google.common.collect.ImmutableAsList                                       : loaded 2 times (x 205B)
Class org.objectweb.asm.RecordComponentVisitor                                        : loaded 2 times (x 73B)
Class com.google.common.cache.CacheLoader$SupplierToCacheLoader                       : loaded 2 times (x 71B)
Class com.google.common.collect.Maps$EntryTransformer                                 : loaded 2 times (x 66B)
Class org.gradle.internal.service.ServiceLookupException                              : loaded 2 times (x 78B)
Class com.google.common.collect.ImmutableSortedSet                                    : loaded 2 times (x 295B)
Class [Lcom.google.common.cache.LocalCache$EntryFactory;                              : loaded 2 times (x 65B)
Class com.google.common.base.CharMatcher$JavaLetter                                   : loaded 2 times (x 107B)
Class org.gradle.internal.classloader.ClassLoaderFactory                              : loaded 2 times (x 66B)
Class com.google.common.cache.LocalCache$LocalManualCache                             : loaded 2 times (x 95B)
Class com.google.common.base.CharMatcher$IsNot                                        : loaded 2 times (x 107B)
Class com.google.common.base.CommonPattern                                            : loaded 2 times (x 70B)
Class org.gradle.internal.service.CachingServiceLocator                               : loaded 2 times (x 78B)
Class com.google.common.collect.AbstractMapBasedMultimap$KeySet                       : loaded 2 times (x 133B)
Class com.google.common.collect.RegularImmutableSortedSet                             : loaded 2 times (x 295B)
Class com.google.common.math.IntMath                                                  : loaded 2 times (x 67B)
Class com.google.common.collect.Iterators$10                                          : loaded 2 times (x 77B)
Class com.google.common.collect.ImmutableMapEntry                                     : loaded 2 times (x 81B)
Class com.google.common.base.CharMatcher$JavaDigit                                    : loaded 2 times (x 107B)
Class com.google.common.base.Predicates                                               : loaded 2 times (x 67B)
Class com.google.common.base.Equivalence                                              : loaded 2 times (x 78B)
Class com.google.common.collect.ImmutableMapEntry$NonTerminalImmutableMapEntry        : loaded 2 times (x 81B)
Class com.google.common.base.Function                                                 : loaded 2 times (x 66B)
Class com.google.common.cache.CacheBuilder$OneWeigher                                 : loaded 2 times (x 78B)
Class com.google.common.collect.RegularImmutableList                                  : loaded 2 times (x 208B)
Class com.google.common.collect.Maps$EntryFunction                                    : loaded 2 times (x 87B)
Class com.google.common.collect.ImmutableBiMapFauxverideShim                          : loaded 2 times (x 116B)
Class org.gradle.internal.classloader.ClasspathUtil                                   : loaded 2 times (x 67B)
Class com.google.common.base.Charsets                                                 : loaded 2 times (x 67B)
Class com.google.common.util.concurrent.Uninterruptibles                              : loaded 2 times (x 67B)
Class com.google.common.collect.AbstractMapBasedMultimap$WrappedSet                   : loaded 2 times (x 138B)
Class com.google.common.collect.Maps                                                  : loaded 2 times (x 67B)
Class com.google.common.base.CharMatcher$JavaUpperCase                                : loaded 2 times (x 107B)
Class org.gradle.api.specs.Spec                                                       : loaded 2 times (x 66B)
Class [Lcom.google.common.collect.ImmutableEntry;                                     : loaded 2 times (x 65B)
Class com.google.common.collect.Sets$3$1                                              : loaded 2 times (x 78B)
Class com.google.common.cache.LocalCache$LoadingValueReference                        : loaded 2 times (x 92B)
Class com.google.common.primitives.Ints                                               : loaded 2 times (x 67B)
Class com.google.common.base.Platform                                                 : loaded 2 times (x 67B)
Class [Lorg.objectweb.asm.AnnotationWriter;                                           : loaded 2 times (x 65B)
Class com.google.common.primitives.Ints$IntConverter                                  : loaded 2 times (x 86B)
Class com.google.common.collect.Maps$8                                                : loaded 2 times (x 78B)
Class com.google.common.base.Predicates$CompositionPredicate                          : loaded 2 times (x 84B)
Class com.google.common.collect.ImmutableRangeSet$Builder                             : loaded 2 times (x 73B)
Class com.google.common.collect.Sets$SetView                                          : loaded 2 times (x 134B)
Class com.google.common.cache.LocalCache$StrongValueReference                         : loaded 2 times (x 86B)
Class com.google.common.util.concurrent.AbstractFuture$SynchronizedHelper             : loaded 2 times (x 74B)
Class com.google.common.base.CharMatcher$Invisible                                    : loaded 2 times (x 108B)
Class org.objectweb.asm.Type                                                          : loaded 2 times (x 68B)
Class org.gradle.internal.classloader.VisitableURLClassLoader$InstrumentingVisitableURLClassLoader: loaded 2 times (x 119B)
Class org.objectweb.asm.ByteVector                                                    : loaded 2 times (x 75B)
Class [Lcom.google.common.cache.CacheBuilder$NullListener;                            : loaded 2 times (x 65B)
Class com.google.common.math.IntMath$1                                                : loaded 2 times (x 67B)
Class org.gradle.internal.classloader.VisitableURLClassLoader$Spec                    : loaded 2 times (x 70B)
Class org.gradle.internal.classpath.DefaultClassPath                                  : loaded 2 times (x 86B)
Class org.objectweb.asm.Symbol                                                        : loaded 2 times (x 69B)
Class com.google.common.base.AbstractIterator                                         : loaded 2 times (x 76B)
Class com.google.common.collect.Sets$FilteredSet                                      : loaded 2 times (x 133B)
Class com.google.common.io.Closer                                                     : loaded 2 times (x 74B)
Class com.google.common.collect.ImmutableSet                                          : loaded 2 times (x 141B)
Class com.google.common.collect.RegularImmutableMap$Values                            : loaded 2 times (x 203B)
Class com.google.common.base.CharMatcher$BitSetMatcher                                : loaded 2 times (x 108B)
Class com.google.common.base.CharMatcher$Ascii                                        : loaded 2 times (x 108B)
Class org.gradle.internal.classloader.ClassLoaderSpec                                 : loaded 2 times (x 67B)
Class org.objectweb.asm.AnnotationWriter                                              : loaded 2 times (x 75B)
Class com.google.common.cache.CacheStats                                              : loaded 2 times (x 67B)
Class com.google.common.io.Closer$Suppressor                                          : loaded 2 times (x 66B)
Class org.objectweb.asm.RecordComponentWriter                                         : loaded 2 times (x 74B)
Class com.google.common.util.concurrent.AbstractFuture$Listener                       : loaded 2 times (x 68B)
Class com.google.common.base.CharMatcher$Or                                           : loaded 2 times (x 108B)
Class Settings_gradle$1$1                                                             : loaded 2 times (x 70B)
Class org.objectweb.asm.Attribute                                                     : loaded 2 times (x 73B)
Class com.google.common.base.Supplier                                                 : loaded 2 times (x 66B)
Class org.gradle.internal.classloader.VisitableURLClassLoader                         : loaded 2 times (x 113B)
Class com.google.common.collect.ImmutableList$SerializedForm                          : loaded 2 times (x 69B)
Class com.google.common.util.concurrent.AbstractFuture$Waiter                         : loaded 2 times (x 68B)
Class Settings_gradle                                                                 : loaded 2 times (x 124B)
Class org.gradle.internal.Cast                                                        : loaded 2 times (x 67B)
Class org.gradle.api.Action                                                           : loaded 2 times (x 66B)
Class com.google.common.base.Strings                                                  : loaded 2 times (x 67B)
Class com.google.common.collect.Sets                                                  : loaded 2 times (x 67B)
Class org.objectweb.asm.Handler                                                       : loaded 2 times (x 68B)
Class com.google.common.base.Ticker                                                   : loaded 2 times (x 68B)
Class com.google.common.base.CharMatcher$FastMatcher                                  : loaded 2 times (x 107B)
Class [Lcom.google.common.cache.LocalCache$Segment;                                   : loaded 2 times (x 65B)
Class [Lcom.google.common.cache.LocalCache$Strength;                                  : loaded 2 times (x 65B)
Class com.google.common.cache.CacheBuilder$1                                          : loaded 2 times (x 81B)
Class com.google.common.collect.ImmutableMap                                          : loaded 2 times (x 116B)
Class com.google.common.base.Predicate                                                : loaded 2 times (x 66B)
Class org.gradle.internal.classpath.DefaultClassPath$ImmutableUniqueList$Builder      : loaded 2 times (x 71B)
Class com.google.common.collect.AbstractRangeSet                                      : loaded 2 times (x 110B)
Class com.google.common.cache.LocalCache                                              : loaded 2 times (x 183B)
Class com.google.common.cache.CacheBuilder$2                                          : loaded 2 times (x 68B)
Class com.google.common.base.CharMatcher$NegatedFastMatcher                           : loaded 2 times (x 109B)
Class [Lcom.google.common.collect.AbstractMapEntry;                                   : loaded 2 times (x 65B)
Class com.google.common.collect.ImmutableEntry                                        : loaded 2 times (x 78B)
Class com.google.common.collect.ArrayListMultimap                                     : loaded 2 times (x 168B)
Class com.google.common.base.AbstractIterator$1                                       : loaded 2 times (x 67B)
Class com.google.common.base.CharMatcher$Digit                                        : loaded 2 times (x 108B)
Class org.gradle.api.GradleException                                                  : loaded 2 times (x 78B)
Class com.google.common.base.Suppliers$MemoizingSupplier                              : loaded 2 times (x 75B)
Class com.google.common.collect.CollectPreconditions                                  : loaded 2 times (x 67B)
Class com.google.common.base.CharMatcher$JavaIsoControl                               : loaded 2 times (x 108B)
Class com.google.common.collect.Maps$AbstractFilteredMap                              : loaded 2 times (x 123B)
Class com.google.common.collect.SortedMapDifference                                   : loaded 2 times (x 66B)
Class com.google.common.base.CharMatcher$JavaLowerCase                                : loaded 2 times (x 107B)
Class com.google.common.cache.LocalCache$EntryFactory                                 : loaded 2 times (x 79B)
Class com.google.common.collect.Iterables$5                                           : loaded 2 times (x 77B)
Class com.google.common.cache.LocalCache$AbstractReferenceEntry                       : loaded 2 times (x 103B)
Class com.google.common.base.Splitter$1$1                                             : loaded 2 times (x 82B)
Class com.google.common.base.CharMatcher$Whitespace                                   : loaded 2 times (x 108B)
Class org.gradle.internal.IoActions                                                   : loaded 2 times (x 67B)
Class com.google.common.collect.ImmutableRangeSet$ComplementRanges                    : loaded 2 times (x 203B)
Class org.objectweb.asm.SymbolTable                                                   : loaded 2 times (x 68B)
Class com.google.common.cache.CacheLoader$InvalidCacheLoadException                   : loaded 2 times (x 78B)
Class com.google.common.collect.ImmutableSet$RegularSetBuilderImpl                    : loaded 2 times (x 73B)
Class com.google.common.base.CharMatcher$SingleWidth                                  : loaded 2 times (x 108B)
Class org.gradle.internal.classloader.SystemClassLoaderSpec                           : loaded 2 times (x 67B)
Class com.google.common.collect.FluentIterable                                        : loaded 2 times (x 77B)
Class com.google.common.cache.LocalCache$StrongEntry                                  : loaded 2 times (x 104B)
Class com.google.common.util.concurrent.AbstractFuture$TrustedFuture                  : loaded 2 times (x 110B)
Class com.google.common.cache.LoadingCache                                            : loaded 2 times (x 66B)
Class com.google.common.base.Suppliers$NonSerializableMemoizingSupplier               : loaded 2 times (x 75B)
Class com.google.common.io.ByteStreams$LimitedInputStream                             : loaded 2 times (x 88B)
Class org.objectweb.asm.MethodWriter                                                  : loaded 2 times (x 102B)
Class [Lcom.google.common.cache.Weigher;                                              : loaded 2 times (x 65B)
Class com.google.common.collect.RegularImmutableMap$BucketOverflowException           : loaded 2 times (x 78B)
Class com.google.common.collect.AbstractIterator$State                                : loaded 2 times (x 75B)
Class com.google.common.collect.RegularImmutableBiMap                                 : loaded 2 times (x 144B)
Class com.google.common.cache.LocalCache$ValueReference                               : loaded 2 times (x 66B)
Class com.google.common.base.CharMatcher$Negated                                      : loaded 2 times (x 109B)
Class com.google.common.base.CharMatcher$Is                                           : loaded 2 times (x 107B)
Class com.google.common.hash.PrimitiveSink                                            : loaded 2 times (x 66B)
Class com.google.common.base.PatternCompiler                                          : loaded 2 times (x 66B)
Class com.google.common.util.concurrent.AbstractFuture$Failure                        : loaded 2 times (x 68B)
Class com.google.common.base.Equivalence$Equals                                       : loaded 2 times (x 78B)
Class com.google.common.collect.Hashing                                               : loaded 2 times (x 67B)
Class com.google.common.base.Preconditions                                            : loaded 2 times (x 67B)
Class com.google.common.base.Joiner$1                                                 : loaded 2 times (x 76B)
Class org.objectweb.asm.Label                                                         : loaded 2 times (x 69B)
Class org.objectweb.asm.CurrentFrame                                                  : loaded 2 times (x 69B)
Class org.objectweb.asm.ClassTooLargeException                                        : loaded 2 times (x 79B)
Class com.google.common.collect.PeekingIterator                                       : loaded 2 times (x 66B)
Class com.google.common.base.CharMatcher                                              : loaded 2 times (x 107B)
Class com.google.common.collect.Maps$IteratorBasedAbstractMap                         : loaded 2 times (x 121B)
Class com.google.common.collect.RangeGwtSerializationDependencies                     : loaded 2 times (x 67B)
Class com.google.common.base.Joiner$2                                                 : loaded 2 times (x 75B)
Class org.objectweb.asm.Frame                                                         : loaded 2 times (x 69B)
Class org.objectweb.asm.MethodVisitor                                                 : loaded 2 times (x 101B)
Class com.google.common.cache.LocalCache$EntryFactory$1                               : loaded 2 times (x 79B)
Class [Lcom.google.common.cache.RemovalListener;                                      : loaded 2 times (x 65B)
Class com.google.common.base.CharMatcher$1                                            : loaded 2 times (x 109B)
Class com.google.common.base.CharMatcher$NamedFastMatcher                             : loaded 2 times (x 108B)
Class com.google.common.collect.RangeSet                                              : loaded 2 times (x 66B)
Class com.google.common.cache.LocalCache$EntryFactory$2                               : loaded 2 times (x 79B)
Class org.gradle.api.internal.classpath.GlobalCacheRootsProvider                      : loaded 2 times (x 66B)
Class com.google.common.collect.Multimaps                                             : loaded 2 times (x 67B)
Class com.google.common.collect.CollectCollectors                                     : loaded 2 times (x 67B)
Class org.objectweb.asm.ModuleWriter                                                  : loaded 2 times (x 78B)
Class com.google.common.cache.LocalCache$EntryFactory$3                               : loaded 2 times (x 79B)
Class com.google.common.base.Ticker$1                                                 : loaded 2 times (x 68B)
Class com.google.common.collect.ImmutableMapEntrySet$RegularEntrySet                  : loaded 2 times (x 147B)
Class com.google.common.collect.Maps$BiMapConverter                                   : loaded 2 times (x 86B)
Class com.google.common.collect.SetMultimap                                           : loaded 2 times (x 66B)
Class com.google.common.cache.LocalCache$EntryFactory$4                               : loaded 2 times (x 79B)
Class com.google.common.collect.ImmutableSet$Builder                                  : loaded 2 times (x 81B)
Class com.google.common.base.CharMatcher$InRange                                      : loaded 2 times (x 107B)
Class com.google.common.io.ByteStreams$1                                              : loaded 2 times (x 81B)
Class com.google.common.cache.LocalCache$EntryFactory$5                               : loaded 2 times (x 79B)
Class com.google.common.base.PairwiseEquivalence                                      : loaded 2 times (x 79B)
Class com.google.common.cache.LocalCache$EntryFactory$6                               : loaded 2 times (x 79B)
Class org.gradle.internal.installation.CurrentGradleInstallationLocator               : loaded 2 times (x 67B)
Class org.objectweb.asm.ClassReader                                                   : loaded 2 times (x 89B)
Class com.google.common.collect.Maps$KeySet                                           : loaded 2 times (x 133B)
Class com.google.common.cache.LocalCache$EntryFactory$7                               : loaded 2 times (x 79B)
Class com.google.common.collect.ImmutableSet$EmptySetBuilderImpl                      : loaded 2 times (x 72B)
Class com.google.common.collect.ImmutableList                                         : loaded 2 times (x 202B)
Class org.gradle.internal.service.DefaultServiceLocator                               : loaded 2 times (x 79B)
Class com.google.common.collect.Maps$EntrySet                                         : loaded 2 times (x 132B)
Class com.google.common.cache.LocalCache$EntryFactory$8                               : loaded 2 times (x 79B)
Class com.google.common.collect.ImmutableSet$SetBuilderImpl                           : loaded 2 times (x 72B)
Class org.gradle.internal.installation.CurrentGradleInstallation                      : loaded 2 times (x 69B)
Class com.google.common.cache.CacheLoader$1                                           : loaded 2 times (x 71B)
Class com.google.common.collect.ForwardingObject                                      : loaded 2 times (x 68B)
Class com.google.common.collect.ImmutableList$SubList                                 : loaded 2 times (x 204B)
Class org.gradle.util.internal.GUtil                                                  : loaded 2 times (x 67B)
Class com.google.common.util.concurrent.AbstractFuture$SetFuture                      : loaded 2 times (x 71B)
Class com.google.common.cache.AbstractCache$StatsCounter                              : loaded 2 times (x 66B)
Class org.objectweb.asm.Context                                                       : loaded 2 times (x 68B)
Class com.google.common.collect.Iterators$MergingIterator                             : loaded 2 times (x 77B)
Class com.google.common.collect.RegularImmutableSet                                   : loaded 2 times (x 144B)
Class org.gradle.internal.installation.GradleInstallation                             : loaded 2 times (x 71B)
Class com.google.common.collect.Iterables                                             : loaded 2 times (x 67B)
Class com.google.common.base.Splitter$Strategy                                        : loaded 2 times (x 66B)

---------------  S Y S T E M  ---------------

OS:
 Windows 11 , 64 bit Build 22621 (10.0.22621.5415)
OS uptime: 50 days 21:00 hours
Hyper-V role detected

CPU: total 8 (initial active 8) (4 cores per cpu, 2 threads per core) family 6 model 158 stepping 10 microcode 0xec, cx8, cmov, fxsr, ht, mmx, 3dnowpref, sse, sse2, sse3, ssse3, sse4.1, sse4.2, popcnt, lzcnt, tsc, tscinvbit, avx, avx2, aes, erms, clmul, bmi1, bmi2, adx, fma, vzeroupper, clflush, clflushopt, hv, rdtscp, f16c
Processor Information for all 8 processors :
  Max Mhz: 2400, Current Mhz: 2400, Mhz Limit: 2400

Memory: 4k page, system-wide physical 16255M (2424M free)
TotalPageFile size 23254M (AvailPageFile size 8M)
current process WorkingSet (physical memory assigned to process): 595M, peak: 595M
current process commit charge ("private bytes"): 647M, peak: 649M

vm_info: OpenJDK 64-Bit Server VM (21.0.5+-13047016-b750.29) for windows-amd64 JRE (21.0.5+-13047016-b750.29), built on 2025-02-11T21:12:39Z by "builder" with MS VC++ 16.10 / 16.11 (VS2019)

END.
